SEX_A,locality_A,yearbirth_A,monthbirth_A,daybirth_A,Name_A,bident_A,aident_A,ID_A
1,31,1958,12,3,geoff,E373,A1,2051588
1,31,1965,1,30,james,E371,,2047429
1,70,1922,7,28,Michael,E348,,1926422
1,70,1946,1,,terry,E346,,1907224
1,70,1949,9,6,MATTHEW,E332,A2,1818785
1,70,1961,9,19,micaell,E342,A3,1894191
1,70,1961,12,3,Neil,E341,A4,1887808
1,70,1963,11,26,matthew,E333,,1825535
1,70,1964,11,28,Kornell,E331,A5,1816773
1,70,1967,8,27,richard,E343,,1898234
1,70,1970,7,23,JOE,E339,A6,1878042
1,70,1972,7,1,john,E338,A7,1867627
1,70,1976,7,16,eric,E345,A8,1905463
1,70,1978,11,10,ross,E340,A9,1882068
1,84,1957,9,13,norman,E707,,4082453
1,99,1976,6,14,daniel,E422,A10,2359327
1,133,1920,5,28,mr staley,E700,A11,4047561
1,134,1976,2,24,Darren,E701,A12,4049253
1,166,1956,1,6,michael R,E349,A13,1938270
1,171,1975,12,2,geoffrey,E440,,2486264
1,188,1909,5,1,john,E627,A14,3575957
1,195,1966,11,7,david,E437,,2470259
1,197,1978,7,24,Ron,E940,A15,5268299
1,224,1973,4,9,tony,E939,,5262049
1,233,1973,6,25,christopher,E938,,5260582
1,240,1968,4,4,Geoffrey,E715,,4109313
1,246,1952,12,26,derek,E379,,2093708
1,247,1944,5,23,brian,E444,A16,2510817
1,313,1952,7,24,JOE,E809,A17,4619117
1,356,1956,6,23,Raphael,E616,,3540201
1,379,1950,11,19,adam,E442,A18,2494455
1,402,1949,7,1,Jeremy,E378,,2085403
1,406,1915,8,1,peter,E361,A19,1997146
1,445,1953,2,8,keith,E680,,3893939
1,453,1966,8,12,joshua,E618,A20,3543765
1,466,1910,6,,dave,E245,A21,1300920
1,466,1919,3,,mark,E244,,1300175
1,469,1952,3,15,Colin,E577,,3356761
1,478,1966,12,25,Ryan,E678,A22,3883200
1,481,1959,9,15,Keith,E645,A23,3688702
1,481,1972,12,8,ryan,E644,A24,3687489
1,482,1979,7,13,Leonard,E668,A25,3802677
1,489,1943,2,,john,E676,,3869396
1,492,1956,9,10,Anthony Parr,E661,A26,3766339
1,492,1969,6,26,William,E660,A27,3764142
1,494,1971,9,16,DAVID,E872,A28,4953392
1,502,1950,1,1,SAM,E751,A29,4308627
1,502,1956,4,1,peter,E752,A30,4309748
1,509,1964,9,18,david,E658,,3750799
1,509,1969,4,15,eamon,E656,,3743821
1,510,1943,3,,alexander,E651,A31,3723949
1,516,1913,11,,michael,E761,A32,4352030
1,516,1975,5,9,fred,E760,A33,4349626
1,531,1956,5,19,SAJEEVAN,E667,A34,3790127
1,532,1965,3,20,michael,E653,A35,3730055
1,541,1966,10,1,dougie,E880,,5009273
1,543,1943,6,6,geoff,E642,,3679140
1,547,1977,12,4,bob,E705,A36,4073072
1,595,1973,11,17,matthew,E737,A37,4241244
1,610,1952,10,13,David,E578,,3357880
1,616,1966,7,22,alan,E37,,172944
1,627,1963,1,1,matthew crad,E967,A38,5426634
1,628,1909,1,,phil,E893,,5083977
1,628,1980,4,24,keith,E895,,5086850
1,634,1962,5,31,Stephen,E965,,5420843
1,634,1974,4,8,Anthony 1,E966,A39,5424607
1,635,1947,1,,PERCY,E706,,4077237
1,637,1979,8,20,NEIL,E726,,4192193
1,638,1956,12,16,david,E495,,2795313
1,640,1963,1,21,ben,E725,,4179149
1,664,1964,10,4,leonard,E634,A40,3618470
1,666,1940,3,5,Ian,E409,A41,2279603
1,681,1979,12,11,brent,E50,A42,261061
1,686,1978,4,3,RICHARD,E488,A43,2761397
1,712,1927,3,25,Adrian,E741,A44,4262839
1,753,1965,5,10,mohammed,E441,,2493858
1,762,1965,6,6,pete,E375,A45,2067530
1,821,1938,3,,haydn,E370,A46,2044199
1,841,1955,6,26,Peter,E476,,2678401
1,850,1930,6,,alex,E921,A47,5186896
1,865,1975,1,30,frank marsha,E376,,2071812
1,871,1972,4,6,norman,E969,A48,5433407
1,874,1953,5,23,tony,E697,A49,4017730
1,874,1957,6,1,peter,E696,,4016110
1,874,1979,2,12,derek,E695,,4011862
1,944,1960,2,7,mark,E718,A50,4122146
1,962,1951,2,21,lenny,E620,A51,3561906
1,962,1954,4,16,Akbar,E622,A52,3564518
1,975,1974,10,5,harold,E699,,4024509
1,1015,1975,1,13,TREVOR,E605,A53,3485280
1,1024,1968,12,24,duncan,E489,,2762875
1,1031,1948,5,7,Leon,E355,A54,1971334
1,1034,1955,9,13,jeff,E352,A55,1952129
1,1034,1962,4,10,Craig,E354,A56,1965596
1,1034,1978,10,7,LEE,E351,A57,1951090
1,1059,1976,2,14,MR COOMBES,E420,A58,2337187
1,1061,1930,2,18,dave,E684,,3924076
1,1061,1953,6,7,Darius,E681,A59,3903777
1,1061,1974,6,9,nader,E683,A60,3908138
1,1063,1973,10,12,toby,E738,A61,4244630
1,1072,1953,1,26,Kevin,E226,A62,1202162
1,1095,1969,7,3,Gordon,E380,,2106689
1,1124,1946,3,18,james,E419,,2333416
1,1139,1926,10,4,charles,E772,,4429067
1,1139,1927,12,16,Chris,E774,,4438849
1,1139,1960,12,19,COLIN,E770,A63,4426868
1,1139,1971,7,26,will,E775,,4445373
1,1150,1956,11,2,DAVID,E418,,2331492
1,1161,1972,7,23,rakesh,E383,A64,2123853
1,1165,1974,7,31,ronnie,E601,A65,3469245
1,1246,1965,7,20,david,E750,A66,4295586
1,1263,1947,1,13,John,E739,A67,4258923
1,1273,1974,2,28,michael,E602,,3471637
1,1284,1956,12,3,Lawrence,E711,,4096236
1,1292,1943,10,,nicholas,E746,A68,4286159
1,7400,1949,7,6,Alan,E624,A69,3566797
1,1295,1960,1,18,khrishna,E754,,4332630
1,1295,1976,5,12,BRIAN MOSS,E755,A70,4333750
1,1317,1971,2,3,Trevor,E787,,4509921
1,2010,1952,9,18,clive,E586,A71,3402975
1,2050,1956,6,3,James,E381,A72,2108520
1,2200,1928,12,,jim,E426,,2379465
1,2200,1945,1,31,MARTIN,E425,A73,2374831
1,2200,1963,8,27,bill,E423,,2362334
1,2300,1950,9,1,mark,E714,,4102126
1,2300,1969,6,9,rafaquat,E713,A74,4100103
1,2560,1976,1,30,cameron,E415,A75,2314144
1,2560,1980,4,4,martyn,E414,A76,2312416
1,2600,1953,6,,Ian,E434,A77,2421647
1,2600,1969,7,19,rob,E431,,2412571
1,2600,1971,9,12,malcolm,E429,,2411998
1,2600,1975,9,15,LUKE,E433,A78,2417476
1,2610,1953,1,18,John,E1000,A79,5642666
1,2620,1929,12,,Dereck,E974,A80,5495636
1,2630,1928,9,18,Richard,E368,A81,2024527
1,2630,1959,3,19,allan,E367,A82,2018292
1,2630,1970,11,4,chris,E369,A83,2038794
1,2630,1974,7,31,Ian,E364,A84,2007030
1,2630,1976,2,7,thomas,E366,A85,2017679
1,2640,1939,8,11,stephen,E960,,5391003
1,2640,1960,10,5,ross,E961,,5402367
1,2640,1963,3,26,adrian,E962,A86,5407949
1,2650,1975,3,2,Raymond,E957,A87,5361198
1,2650,1979,5,24,philip,E956,A88,5359778
1,2660,1952,12,11,bob,E225,,1188538
1,2660,1966,8,14,shaun,E223,A89,1177904
1,2660,1971,8,6,Pete,E224,,1183092
1,2710,1970,8,4,andrew,E724,,4161606
1,2720,1919,10,,andrew,E496,A90,2803127
1,2720,1959,6,2,alex,E497,A91,2804123
1,2730,1959,6,29,ANDREW,E493,,2789720
1,2730,1977,8,29,peter,E494,A92,2790883
1,2800,1937,7,14,DONALD[DON],E609,A93,3515479
1,2800,1947,4,,shane,E608,,3508780
1,2800,1967,6,7,bahudar,E607,A94,3501690
1,3000,1905,3,,Mike,E291,A95,1576027
1,3000,1918,3,20,george,E293,A96,1580147
1,3000,1921,9,,bryan,E310,A97,1658963
1,3000,1923,5,19,John,E295,A98,1582216
1,3000,1925,7,3,bill,E988,A99,5591675
1,3000,1928,10,,chris,E298,A100,1607093
1,3000,1935,11,,laurence,E278,A101,1482348
1,3000,1937,1,10,DONALD,E991,A102,5608132
1,3000,1942,9,21,Andrew,E281,A103,1501968
1,3000,1945,7,1,BRYN,E296,A104,1592090
1,3000,1945,8,28,paul,E530,A105,3031128
1,3000,1945,10,27,mark,E989,,5594781
1,3000,1946,1,12,CHRIS,E274,A106,1462223
1,3000,1947,11,6,brian,E536,A107,3056916
1,3000,1953,7,3,Alfred,E309,A108,1657740
1,3000,1953,7,15,denis,E539,A109,3087768
1,3000,1953,11,6,Albert,E533,A110,3043260
1,3000,1957,1,21,mike,E294,A111,1581056
1,3000,1958,7,14,william,E526,,2995339
1,3000,1959,8,17,bill,E304,,1630859
1,3000,1959,12,15,mark,E532,A112,3037291
1,3000,1963,9,25,BRIJ,E547,A113,3172516
1,3000,1966,1,6,james,E525,,2992096
1,3000,1966,5,6,colin,E529,A114,3024242
1,3000,1966,10,21,john,E287,A115,1564949
1,3000,1966,11,21,Bill,E545,A116,3166876
1,3000,1967,6,29,jack,E292,,1576600
1,3000,1969,10,2,keith,E546,,3169484
1,3000,1970,3,5,Stephen,E523,A117,2990792
1,3000,1972,6,7,Robert,E275,A118,1462225
1,3000,1972,8,15,Paul,E549,A119,3182087
1,3000,1975,4,5,lawrence,E538,,3073747
1,3000,1975,9,13,Mr Summers,E990,,5594784
1,3000,1975,10,14,duncan,E535,A120,3043262
1,3000,1976,1,4,alan,E299,A121,1609883
1,3000,1976,3,6,james,E285,A122,1553310
1,3000,1977,12,13,phillip,E272,A123,1448467
1,3000,1978,5,28,DAVID,E543,,3146568
1,3000,1978,11,19,ADE,E312,A124,1664782
1,3000,1979,10,16,chris,E520,A125,2971811
1,3000,1980,10,19,dean,E548,,3178840
1,3570,1935,12,,ian,E501,A126,2825797
1,3570,1962,12,18,Keith,E503,A127,2828315
1,3616,1952,6,1,andrew,E507,,2871139
1,3616,1966,6,28,mark,E508,A128,2879602
1,3616,1968,8,30,joe,E506,,2865347
1,3648,1932,8,23,calum,E997,,5640246
1,3649,1970,4,10,thomas,E675,,3859744
1,3650,1954,2,20,dave,E511,A129,2898474
1,3720,1959,12,7,roy,E504,A130,2857524
1,3730,1944,2,27,ricky,E552,A131,3201616
1,3730,1970,10,13,john,E553,A132,3201617
1,3750,1964,4,22,charles,E490,,2767644
1,3770,1956,4,28,martyn,E999,A133,5640623
1,3780,1962,3,6,alan,E513,,2916029
1,4000,1914,10,16,craig,E853,A134,4792967
1,4000,1919,1,18,Mike,E836,A135,4717947
1,4000,1925,10,1,roy,E829,A136,4676324
1,4000,1927,6,8,bill,E849,A137,4780027
1,4000,1929,3,31,martin,E837,A138,4723985
1,4000,1930,2,13,jack,E826,A139,4665858
1,4000,1931,5,1,MARK,E859,,4819774
1,4000,1940,10,28,william,E866,,4869405
1,4000,1941,6,22,john,E824,A140,4654372
1,4000,1942,4,4,Daniel,E811,A141,4622667
1,4000,1946,11,20,adam,E862,A142,4849013
1,4000,1950,8,15,roger,E863,A143,4851617
1,4000,1952,7,4,brian,E831,A144,4686458
1,4000,1952,9,1,thomas,E838,,4729410
1,4000,1956,1,10,Faisal,E813,A145,4626423
1,4000,1964,11,23,affife,E867,A146,4874088
1,4000,1967,1,5,PETER,E843,,4753469
1,4000,1967,8,20,timothy,E841,A147,4744851
1,4000,1969,11,26,james lawton,E815,A148,4634177
1,4000,1971,11,11,peter,E839,,4735601
1,4000,1975,4,1,keith,E879,,4984664
1,4000,1978,2,7,Vince,E821,A149,4648362
1,4201,1921,9,,Ned,E612,A150,3521906
1,4201,1962,9,,Thomas,E611,A151,3519737
1,4303,1950,12,10,nick,E615,,3537470
1,5000,1912,11,16,philip,E131,A152,630146
1,5000,1916,1,,nick,E136,A153,661753
1,5000,1921,12,15,michael,E122,A154,599493
1,5000,1937,6,,Philip,E563,A155,3262699
1,5000,1940,9,17,David,E560,,3246640
1,5000,1941,2,20,jake,E554,,3210456
1,5000,1941,7,24,paul,E138,,669588
1,5000,1943,7,23,James,E119,A156,587758
1,5000,1949,3,8,mr hristo,E110,A157,524123
1,5000,1951,2,11,jonathan,E113,A158,551166
1,5000,1952,3,27,John Pratt,E104,A159,501843
1,5000,1952,9,11,antony,E572,A160,3308015
1,5000,1959,5,5,richard,E129,A161,621508
1,5000,1962,1,18,peter,E571,A162,3305263
1,5000,1962,1,22,Graham,E132,A163,636193
1,5000,1962,3,20,pilvander,E107,A164,511303
1,5000,1962,9,4,john,E126,A165,614400
1,5000,1963,11,11,SARWAR,E144,,678331
1,5000,1964,2,28,john,E117,A166,566607
1,5000,1965,5,4,Ian,E557,A167,3231089
1,5000,1965,8,11,Robert,E568,,3290392
1,5000,1967,9,3,Geoffrey,E148,A168,718617
1,5000,1968,1,1,Aigris,E140,,674785
1,5000,1970,1,8,Martin,E137,A169,668831
1,5000,1970,4,22,andrew,E566,A170,3275755
1,5000,1972,9,7,graham,E125,A171,607681
1,5000,1973,7,21,anthony,E105,A172,504628
1,5000,1973,9,22,geoff,E103,A173,501271
1,5000,1975,3,24,Paul,E121,A174,591898
1,5000,1975,5,25,ian,E147,A175,713720
1,5000,1976,7,27,horacio,E115,,560749
1,5000,1978,3,20,Mark,E118,A176,578691
1,6000,1946,8,,simon,E889,A177,5070086
1,6000,1964,11,27,ted,E891,A178,5074230
1,6100,1921,9,23,sirajul,E52,A179,274029
1,6100,1924,12,20,ben,E42,A180,191368
1,6100,1934,11,,martin,E38,A181,179695
1,6100,1944,1,7,colin,E46,,216146
1,6100,1949,10,20,tariq,E40,,187445
1,6200,1907,3,,Stanley,E205,,1025838
1,6200,1938,1,7,scott,E181,A182,913417
1,6200,1944,8,15,marc edwards,E195,A183,956736
1,6200,1948,6,20,roger,E203,A184,1005989
1,6200,1950,9,16,darren,E185,,918264
1,6200,1954,5,11,trevor,E193,,955504
1,6200,1963,12,24,tom,E200,A185,985301
1,6200,1965,5,21,richard,E201,A186,987562
1,6200,1969,6,13,Brian,E190,A187,944311
1,6200,1969,9,25,Florian,E206,A188,1031693
1,6200,1970,1,26,Richard,E183,A189,916161
1,6200,1971,11,28,greg,E182,A190,915406
1,6200,1972,3,20,GEOFFREY,E198,A191,981842
1,6200,1979,4,2,paul,E204,A192,1008786
1,6300,1917,8,23,BOB,E86,,435840
1,6300,1921,12,2,Ray,E101,,486928
1,6300,1922,11,23,bob,E81,A193,427482
1,6300,1924,5,24,DAVID,E95,,453427
1,6300,1937,11,9,michael,E93,,450537
1,6300,1953,8,20,Salvatore,E88,A194,441826
1,6300,1954,10,19,kevin,E89,,444804
1,6300,1959,3,8,david,E84,A195,431028
1,6300,1965,8,1,richard,E90,A196,445300
1,6300,1966,3,28,Mark,E85,,431547
1,6300,1974,2,11,Julien,E92,A197,450049
1,6300,1976,8,31,roy,E83,,430419
1,6300,1980,1,18,anthony,E96,A198,456273
1,6400,1919,10,19,tony,E457,A199,2570960
1,6400,1930,2,,Noel,E453,A200,2537332
1,6400,1966,9,17,Robert,E458,A201,2571593
1,6400,1971,7,31,MARTIN,E448,,2519048
1,6400,1980,4,1,albert,E449,,2522250
1,6500,1914,4,,Sandeep,E900,,5112575
1,6500,1914,5,24,andres,E920,A202,5184547
1,6500,1933,10,13,peter,E901,,5113339
1,6500,1943,7,,stephen,E914,A203,5175180
1,6500,1943,9,19,Barrie,E917,A204,5177975
1,6500,1948,1,4,Carl,E910,,5154867
1,6500,1962,4,3,david,E902,A205,5114900
1,6500,1973,7,31,hamid,E912,A206,5155592
1,6500,1974,8,27,william,E909,,5152568
1,6500,1978,5,29,Ernest,E919,A207,5184546
1,6600,1909,2,18,clive,E171,,882898
1,6600,1939,6,28,jamie,E151,A208,738437
1,6600,1957,11,5,Peter,E160,A209,794716
1,6600,1962,12,21,JAMES,E162,A210,800280
1,6600,1963,4,28,karl,E153,A211,754752
1,6600,1965,12,,Trevor,E152,,745934
1,6600,1975,8,16,ronald,E169,,872436
1,6600,1977,12,30,martin,E167,,839670
1,6600,1978,8,2,keith,E175,A212,892523
1,6600,1979,6,7,Terry,E176,A213,893103
1,6700,1963,4,12,Glyn,E641,,3663909
1,6700,1970,1,6,raymond,E640,A214,3657027
1,6800,1937,8,20,James,E869,,4881006
1,6800,1977,10,8,David,E871,,4909959
1,6900,1921,10,30,jermaine,E478,A215,2687076
1,6900,1930,2,12,john,E481,A216,2700893
1,6900,1942,2,10,douglas,E486,A217,2723592
1,6900,1943,8,,sagid,E485,A218,2713933
1,6900,1952,1,21,roy,E484,,2709197
1,6900,1961,1,16,PAUL,E479,A219,2690330
1,7000,1917,8,22,CRAIG,E593,A220,3431221
1,7000,1929,10,17,anthony,E595,A221,3435372
1,7000,1968,2,16,nigel,E592,A222,3428691
1,7000,1976,4,20,brian,E590,A223,3421965
1,7000,1976,12,1,Matthew,E598,,3447249
1,7000,1978,12,8,paul,E596,A224,3441273
1,7100,1938,1,23,john,E330,A225,1801563
1,7100,1943,12,,harry,E329,A226,1797480
1,7100,1949,11,16,james,E316,A227,1720182
1,7100,1960,10,17,qurram,E326,A228,1785172
1,7100,1970,10,7,Nick,E321,A229,1758810
1,7100,1978,4,8,robert,E325,,1777387
1,7200,1962,7,28,Ian,E210,,1057379
1,7200,1977,4,4,thomas,E209,A230,1053374
1,7300,1944,6,23,steve,E687,A231,3951206
1,7300,1944,9,,john,E690,,3955555
1,7300,1947,1,14,robert,E685,,3945176
1,7300,1949,2,16,Jamie,E692,A232,3983367
1,7300,1969,5,23,nick,E686,,3947307
1,7300,1972,12,30,barry,E688,,3952305
1,7300,1975,10,22,mr atkinson,E691,A233,3955557
1,7400,1918,10,4,STEPHEN,E926,,5201283
1,7400,1925,4,5,John,E954,A234,5336813
1,7400,1930,10,,David,E953,A235,5327764
1,7400,1931,8,25,pritesh,E952,A236,5326014
1,7400,1937,1,15,Neil,E930,A237,5217975
1,7400,1940,6,,darren,E936,A238,5244584
1,7400,1941,9,26,Roger,E929,A239,5213144
1,7400,1942,4,24,Frank,E924,A240,5194009
1,7400,1944,2,9,phil,E948,A241,5302778
1,7400,1944,2,22,patrick,E945,A242,5289637
1,7400,1944,8,18,martin,E943,,5285038
1,7400,1952,4,20,arnold,E935,,5243892
1,7400,1957,1,18,craig,E932,A243,5228226
1,9600,1976,7,15,adam,E934,A244,5241682
1,7400,1975,7,6,alan,E925,A245,5196460
1,7400,1975,8,17,Barry,E933,A246,5234086
1,7400,1976,4,26,gary,E942,A247,5273675
1,7400,1976,11,12,Emma-Jane,E946,,5291208
1,7500,1968,11,29,alec,E664,A248,3777516
1,7500,1976,3,15,mick,E665,A249,3783268
1,7600,1943,11,,NEVILLE,E768,,4408419
1,7600,1968,8,18,philip,E765,A250,4395740
1,7600,1973,5,30,John,E764,A251,4390131
1,7600,1973,10,7,tom,E763,A252,4382220
1,7600,1974,10,19,david,E766,,4399914
1,7600,1978,10,6,ronald,E981,A253,5560919
1,7700,1950,3,11,STEPHEN,E673,,3837567
1,7700,1969,9,17,peter,E674,,3842544
1,7700,1975,5,17,Stewart,E670,,3819768
1,7800,1907,3,19,peter,E885,A254,5029982
1,7800,1920,11,14,ian,E881,A255,5016216
1,7800,1951,7,29,tony,E883,,5021504
1,7800,1955,3,17,stuart,E882,A256,5019156
1,7900,1924,3,23,kenneth,E4,A257,37761
1,7900,1930,3,1,Arthur Brown,E23,,121858
1,7900,1942,12,,grayham,E33,A258,148505
1,7900,1943,12,7,bob,E14,A259,74772
1,7900,1948,4,2,peter,E32,A260,140924
1,7900,1962,5,13,james,E34,A261,150917
1,7900,1968,2,21,David,E24,A262,122683
1,7900,1969,1,10,Peter,E25,A263,123235
1,7900,1972,1,3,Andy,E27,A264,132069
1,7900,1975,7,18,Mark,E30,A265,136825
1,7900,1975,8,14,philip,E29,,136092
1,7900,1975,9,30,JulianDickin,E20,A266,97397
1,7900,1978,12,2,Lewyis,E36,A267,165504
1,7900,1978,12,5,gary,E9,A268,54096
1,7900,1978,12,17,mr watts,E17,A269,84298
1,7900,1980,8,27,Kenneth,E11,A270,56272
1,8000,1937,7,11,David,E631,A271,3599059
1,8000,1969,1,12,Eugene,E630,A272,3596913
1,8200,1942,2,13,Gus,E792,A273,4533400
1,8200,1945,4,10,Danny,E791,,4528861
1,8200,1949,11,13,trevor,E793,,4543136
1,8200,1951,11,20,alan,E788,A274,4510615
1,8300,1920,1,20,paul,E232,,1228557
1,8300,1945,5,7,adam,E257,,1352290
1,8300,1949,2,10,TED,E248,A275,1320362
1,8300,1950,6,26,edward,E252,,1328849
1,8300,1952,4,14,TON,E236,A276,1269527
1,8300,1953,10,1,arthur,E260,,1359372
1,8300,1957,12,31,NIGEL,E249,,1321199
1,8300,1958,1,18,TONY,E233,,1246757
1,8300,1959,3,,Kimahia,E235,A277,1260039
1,8300,1960,5,31,Karmjit,E242,,1291179
1,8300,1961,10,19,gary,E253,,1335609
1,8300,1965,10,1,Greg,E254,A278,1342618
1,8300,1969,12,28,alan,E259,A279,1356069
1,8300,1971,8,11,John,E243,A280,1294496
1,8400,1964,1,29,DANIEL,E215,A281,1092057
1,8400,1969,11,26,luke,E216,A282,1113745
1,8500,1937,11,15,barry,E585,A283,3399633
1,8500,1941,12,19,Zafar,E583,,3390348
1,8500,1959,11,23,KENNETH,E584,A284,3395196
1,8500,1972,5,7,michael,E575,A285,3336345
1,8500,1979,6,21,william,E582,A286,3387603
1,8600,1920,12,24,neil,E69,A287,368593
1,8600,1933,10,10,Jon,E73,A288,381691
1,8600,1933,12,,luke,E60,A289,337010
1,8600,1935,12,,joseph,E75,,402603
1,8600,1936,5,,david,E100,A290,474168
1,8600,1944,10,11,TERENCE,E58,A291,332498
1,8600,1947,2,17,ben,E984,A292,5579900
1,8600,1947,12,26,Richard,E79,A293,425233
1,8600,1949,4,2,ray,E97,A294,466763
1,8600,1950,8,24,jon,E71,A295,371273
1,8600,1953,9,28,William,E63,A296,342413
1,8600,1956,2,28,SARFRAZ r,E68,A297,365717
1,8600,1962,1,5,richard,E72,A298,376849
1,8600,1968,3,19,paul,E70,,369799
1,8600,1970,8,25,mr fisher,E67,A299,359995
1,8600,1971,8,18,raymond,E59,A300,332500
1,8600,1976,8,7,GLEN,E98,,468505
1,8700,1908,5,,paul,E464,A301,2619977
1,8700,1934,10,18,Michael,E460,A302,2591733
1,8700,1943,5,24,Andrew,E462,A303,2610193
1,8700,1943,6,29,keith,E467,A304,2645089
1,8700,1968,1,14,michael,E465,A305,2633166
1,8700,1978,5,16,brian,E461,,2592512
1,8800,1946,9,12,anthony,E777,A306,4457162
1,8800,1959,3,2,paul,E780,,4465109
1,8800,1970,7,26,tony,E783,A307,4476277
1,8800,1976,8,7,edmund,E784,A308,4479242
1,8900,1920,4,,martin,E785,A309,4489668
1,9000,1933,4,21,mr tansley,E395,,2178922
1,9000,1934,6,6,john,E386,A310,2140054
1,9000,1937,9,13,harry,E390,,2164143
1,9000,1939,9,7,rob,E405,A311,2237125
1,9000,1958,12,29,mark,E412,A312,2291769
1,9000,1970,6,29,Fin,E411,A313,2288447
1,9000,1970,7,5,keith,E400,A314,2218938
1,9000,1973,5,22,Ahmet,E401,A315,2218942
1,9000,1976,7,26,Gary,E384,,2139503
1,9000,1977,1,29,steven,E385,A316,2139504
1,9100,1925,5,,martin,E730,A317,4207860
1,9100,1941,12,23,Joe,E733,A318,4221022
1,9100,1952,7,15,Betty,E728,A319,4201980
1,9400,1973,12,15,stephen,E970,A320,5459810
1,9500,1913,4,15,kevin,E804,,4586501
1,9500,1923,12,20,tommy,E807,A321,4607904
1,9500,1963,1,4,stephen,E805,A322,4591823
1,9500,1964,10,19,michael,E806,A323,4598619
1,9600,1950,8,9,DAVID,E802,A324,4569413
1,9600,1967,7,14,Adam,E803,A325,4570082
1,9600,1975,11,14,Patrick,E800,A326,4563139
1,9700,1951,1,30,christopher,E474,A327,2675225
1,9700,1967,2,1,simon,E472,A328,2669622
2,31,1960,4,25,Lisa,E372,A329,2049586
2,44,1955,2,7,tina,E358,A330,1988891
2,50,1941,9,28,jacqueline,E886,A331,5048848
2,70,1934,3,20,emma,E347,,1912690
2,70,1949,8,1,amie,E335,A332,1835700
2,70,1952,5,,Hayley,E337,,1856178
2,70,1958,7,10,pauline,E334,A333,1833156
2,70,1963,6,4,shirley,E344,A334,1904512
2,70,1975,1,22,Idena,E336,,1843957
2,76,1969,12,31,Diana,E617,,3542479
2,104,1973,5,29,laura,E679,A335,3890655
2,144,1957,5,12,vikky,E229,,1214200
2,155,1903,8,10,Emily,E350,,1948608
2,168,1927,9,7,Gemma,E436,,2464774
2,195,1914,3,,ann,E438,A336,2472367
2,195,1924,4,14,Carole,E439,,2474103
2,206,1968,2,26,JOYCE,E475,A337,2676993
2,217,1921,3,22,laura,E907,A338,5136778
2,225,1908,7,12,susan,E922,,5187694
2,235,1945,3,1,sarah,E982,A339,5567469
2,240,1941,3,,lilia,E980,,5559343
2,240,1971,1,19,dorothy,E716,A340,4109314
2,256,1952,1,4,helen,E708,,4088280
2,262,1919,4,5,mrs brown,E628,A341,3580552
2,272,1966,11,25,mary,E709,A342,4089683
2,385,1952,12,26,philip,E626,,3573112
2,478,1975,3,13,jo,E677,A343,3878804
2,481,1958,9,5,Pam,E646,A344,3689975
2,481,1967,8,8,clare,E647,A345,3693377
2,487,1965,11,22,laura,E648,,3705075
2,492,1972,10,3,jo,E662,A346,3768394
2,494,1952,6,25,Michelle,E874,A347,4959405
2,494,1966,7,8,barbara,E873,A348,4958404
2,496,1950,9,14,tracey,E743,A349,4270388
2,496,1976,3,11,annette,E744,A350,4270391
2,502,1955,2,10,dianne,E753,A351,4309749
2,504,1956,3,24,teresa,E786,A352,4504380
2,509,1974,11,4,joanne,E657,,3748500
2,510,1972,3,30,eleanor,E650,,3721546
2,516,1971,2,27,Katherine,E759,A353,4349624
2,516,1978,3,28,pamela,E758,,4347422
2,517,1965,1,19,jessica,E748,,4291023
2,518,1927,12,,stacey,E749,,4293415
2,520,1957,10,28,philomena,E659,A354,3756383
2,522,1969,7,30,jennifer,E643,A355,3684820
2,532,1938,9,5,sandra,E654,A356,3732365
2,532,1960,11,25,zoe,E652,,3727760
2,532,1970,4,3,josephine,E655,A357,3732366
2,535,1959,12,31,LYNDSEY,E745,A358,4275837
2,4000,1974,5,29,kirsty,E756,A359,4341124
2,536,1977,3,7,marie,E757,,4344065
2,538,1958,7,20,jayne,E762,A360,4362503
2,565,1971,2,8,Mrs Holloway,E168,A361,860084
2,587,1979,4,25,maria,E2,A362,17369
2,593,1958,1,3,elsie,E227,A363,1205240
2,604,1913,12,,Pamela,E599,A364,3450203
2,613,1979,9,17,Anna William,E698,A365,4022944
2,627,1974,1,23,deborah,E968,,5429262
2,628,1919,6,,dawn,E894,,5084997
2,634,1939,11,,Doreen,E963,A366,5417983
2,634,1967,5,1,izzy,E964,A367,5419429
2,639,1979,12,18,tina,E898,A368,5100255
2,654,1965,9,15,lucy,E897,,5099322
2,654,1973,5,11,Tendayi,E896,,5094356
2,692,1923,6,25,babette,E360,,1993761
2,696,1965,3,23,SUZANNE,E246,A369,1302514
2,734,1964,8,26,Ann,E923,A370,5189420
2,741,1959,4,12,hazel,E604,A371,3479703
2,762,1934,10,1,audrey,E374,,2067529
2,792,1930,5,,carol,E742,,4263379
2,814,1976,3,5,anna,E359,,1990885
2,853,1973,4,27,kathleen,E220,A372,1164143
2,856,1959,7,9,PAULINE,E587,A373,3404521
2,861,1975,9,3,caroline,E633,,3609986
2,874,1937,6,28,miss,E693,A374,3999474
2,874,1965,4,28,roxanne,E694,A375,4006004
2,944,1974,10,7,VICKY,E717,A376,4121045
2,962,1900,6,,Naomi,E621,A377,3563159
2,962,1955,10,19,ANNA,E623,A378,3564519
2,998,1967,10,28,Louise,E720,A379,4140135
2,998,1975,6,16,francesca,E719,A380,4138897
2,1015,1942,1,9,julie,E606,,3489798
2,1015,1961,11,3,Lauren,E975,,5508333
2,1031,1930,12,21,TRACEY,E356,A381,1976855
2,1031,1970,12,23,muriel,E357,A382,1977540
2,1034,1955,10,1,Beckie,E353,A383,1962979
2,1034,1979,1,27,Sue,E993,A384,5613609
2,1061,1960,2,17,elizabeth,E682,A385,3906340
2,1066,1941,11,20,jayne,E228,,1208408
2,1139,1950,3,27,ray,E773,A386,4433253
2,1139,1953,1,6,lucy,E771,A387,4428398
2,1139,1971,3,3,debbie,E769,A388,4425299
2,1161,1955,4,25,freda,E382,A389,2111409
2,1167,1973,9,13,Stephanie,E905,A390,5134633
2,1167,1978,2,11,bakshinda,E906,A391,5134634
2,1192,1963,6,11,Hazel,E421,A392,2338372
2,1224,1948,3,13,denise,E487,A393,2751711
2,1235,1956,6,10,Anjila,E776,A394,4456087
2,1245,1941,8,,Susan,E649,,3709388
2,1247,1967,4,26,beryl,E887,A395,5052273
2,1249,1954,10,10,Sheila,E721,A396,4143455
2,1263,1979,10,24,NATASHA,E740,,4259860
2,1268,1980,4,19,Julia,E408,A397,2272980
2,1271,1960,3,27,Ann Crocker,E387,A398,2144556
2,1273,1961,1,5,Alli,E603,A399,3473663
2,1273,1963,12,21,nicola,E600,A400,3467097
2,1286,1944,1,,joan,E413,A401,2293640
2,1292,1979,2,19,francesca,E747,A402,4288424
2,2100,1934,12,28,APRIL,E875,A403,4967607
2,2100,1955,3,3,Lucy,E876,,4973372
2,2100,1964,9,2,victoria,E877,,4974190
2,2100,1975,6,12,vivian,E878,A404,4980142
2,2200,1965,2,5,helen,E424,,2370726
2,2300,1947,1,24,gillian,E712,,4098812
2,2300,1947,2,12,susan,E710,A405,4095122
2,2530,1979,7,22,diana,E211,,1066828
2,2560,1927,12,5,winifred,E417,,2325956
2,2560,1964,5,21,sylvia,E416,A406,2317880
2,2600,1944,10,2,Marie,E430,A407,2412570
2,2600,1957,2,8,jasinta,E432,,2416922
2,2600,1961,7,30,Allison,E427,A408,2402955
2,2600,1963,4,18,alison,E428,A409,2410144
2,2610,1924,6,30,kay,E977,A410,5521009
2,2610,1964,9,1,pauline,E978,A411,5528545
2,2610,1980,4,1,ann,E976,A412,5517933
2,2620,1932,8,14,michelle,E1,A413,2807
2,2620,1937,12,26,amie,E973,A414,5481478
2,2630,1966,6,1,tina,E362,,1997906
2,2630,1968,4,29,shirley,E365,A415,2014013
2,2630,1971,3,11,ganette,E363,A416,2002658
2,2650,1951,6,8,Olga,E959,,5370497
2,2650,1976,6,22,Naomi,E958,A417,5363930
2,2650,1979,8,11,leanne,E983,A418,5569379
2,2660,1956,8,30,Cynthia,E222,,1175312
2,2660,1958,10,6,Martha,E219,A419,1162213
2,2660,1980,7,8,wendy,E221,A420,1171560
2,2710,1953,11,16,nicola,E722,A421,4157278
2,2710,1968,6,27,caroline,E723,A422,4160451
2,2720,1929,9,,Catriona,E498,A423,2811085
2,2720,1971,10,11,joyce,E499,,2816974
2,2730,1966,9,8,heidi,E492,,2787545
2,2730,1975,11,10,joyce,E491,A424,2785503
2,2800,1975,2,21,Elizabeth,E613,A425,3532672
2,2800,1975,9,7,heather,E610,A426,3515481
2,3000,1920,2,,Melissa,E300,A427,1612503
2,3000,1920,4,,Sharon Borg,E267,A428,1386660
2,3000,1931,7,,rachel,E537,A429,3064779
2,3000,1932,11,3,Mrs Ellis,E311,,1661119
2,3000,1934,11,14,sohan,E277,A430,1473107
2,3000,1935,1,24,vicky,E518,,2964187
2,3000,1935,6,23,lucyna,E307,,1638971
2,3000,1935,7,22,kathleen,E521,A431,2979964
2,3000,1936,1,1,daniela,E315,,1697056
2,3000,1936,3,,Rebecca,E276,A432,1463207
2,3000,1936,6,19,jean,E283,,1534407
2,3000,1942,3,3,Mrs Harrison,E302,A433,1613750
2,3000,1946,3,10,arthi,E308,,1654018
2,3000,1949,12,11,MRs AnniLing,E306,A434,1638234
2,3000,1950,7,30,Susan,E282,,1524444
2,3000,1950,10,10,JULIE,E992,A435,5609697
2,3000,1950,10,16,june,E269,,1408943
2,3000,1950,11,25,linda,E551,,3194419
2,3000,1951,7,12,joan,E297,A436,1605809
2,3000,1952,9,21,louie,E289,,1573761
2,3000,1952,11,11,violet,E522,A437,2988059
2,3000,1956,3,31,lynda,E288,A438,1568447
2,3000,1956,11,22,gaynor,E534,A439,3043261
2,3000,1957,3,3,pauline,E541,A440,3119955
2,3000,1959,6,27,annabel,E305,A441,1636738
2,3000,1960,5,28,ann,E542,A442,3140058
2,3000,1960,7,26,sadie,E527,,2997498
2,3000,1961,8,30,Gillian,E516,A443,2945606
2,3000,1963,12,7,Margaret,E271,A444,1441895
2,3000,1965,2,20,joe,E515,,2942866
2,3000,1965,4,28,jackie,E303,A445,1618486
2,3000,1967,4,16,serena,E514,A446,2941252
2,3000,1969,1,6,Marie,E280,A447,1498127
2,3000,1969,11,9,shona,E290,,1574565
2,3000,1969,12,26,Lauren,E528,A448,3022872
2,3000,1971,11,14,MARIE,E524,A449,2990793
2,3000,1972,4,30,Annie,E313,,1671333
2,3000,1972,5,17,daphne,E519,A450,2965008
2,3000,1972,5,20,lorenzina,E314,A451,1675201
2,3000,1972,9,17,Maria,E273,,1458955
2,587,1973,1,7,margret,E279,A452,1485633
2,3000,1974,1,30,Dawn,E540,,3104319
2,3000,1974,10,10,Francis,E544,A453,3165100
2,3000,1975,1,31,doreen,E301,,1613047
2,3000,1976,6,1,Veronica,E268,A454,1398819
2,3000,1977,3,3,lisa,E286,,1556323
2,3000,1978,10,3,elizabeth,E270,,1432136
2,3000,1978,10,9,pauline,E550,A455,3188178
2,3000,1979,3,27,sonia,E531,A456,3031132
2,3000,1979,8,23,irene,E517,A457,2963367
2,3000,1980,6,19,AMELIA,E284,A458,1549788
2,3570,1941,1,25,claire,E502,A459,2827535
2,3570,1961,7,3,Mrs.G.Best,E500,,2824915
2,3574,1944,3,30,Marian Pelle,E510,A460,2893299
2,3576,1952,1,5,katherine,E509,A461,2890872
2,3647,1973,1,1,eileen,E505,,2861494
2,3648,1934,12,24,mellanie,E998,,5640247
2,3650,1967,12,29,sheila,E512,A462,2901783
2,3730,1965,11,11,carly,E995,A463,5635348
2,4000,1910,3,28,emma,E844,A464,4756558
2,4000,1913,8,,claire,E861,,4847414
2,4000,1919,7,10,linda,E845,A465,4758399
2,4000,1921,10,22,JULIE,E830,A466,4677847
2,4000,1923,3,5,Teresa,E820,,4645535
2,4000,1924,6,6,LISA,E854,,4800310
2,4000,1926,1,20,julia,E848,A467,4769280
2,4000,1926,1,28,catia,E855,A468,4805378
2,4000,1930,8,6,karen,E817,A469,4638347
2,4000,1935,12,23,heather,E828,A470,4674744
2,4000,1936,7,3,sheila,E857,A471,4816637
2,4000,1936,10,21,lorna,E860,,4829585
2,4000,1937,5,15,Jeanette,E864,A472,4852244
2,4000,1939,4,5,anne,E822,,4649648
2,4000,1941,6,8,lori,E834,A473,4697597
2,4000,1945,7,29,beryl,E847,A474,4763792
2,4000,1947,2,21,Diane,E835,A475,4712413
2,4000,1951,2,5,alec,E814,A476,4632010
2,4000,1952,8,7,sally,E812,A477,4622668
2,4000,1953,12,27,SAndra,E825,A478,4659828
2,4000,1956,3,14,MAUREEN,E832,A479,4686459
2,4000,1956,9,6,ALICE,E816,A480,4636152
2,4000,1958,4,10,angela,E851,A481,4785715
2,4000,1959,5,1,karen,E819,,4645533
2,4000,1959,11,4,carol,E856,A482,4809012
2,4000,1960,1,8,hannah,E810,A483,4622077
2,4000,1963,5,9,iona,E842,,4749311
2,4000,1966,3,1,liz edwards,E852,A484,4789750
2,4000,1966,6,24,temmika,E818,,4644130
2,4000,1967,5,27,Shela,E846,,4762167
2,4000,1967,11,18,Mrs Rodgers,E833,A485,4697051
2,4000,1968,9,19,mei,E840,A486,4741745
2,4000,1968,10,6,kirsten,E823,A487,4650329
2,4000,1974,3,14,janet,E850,,4785042
2,4000,1975,6,25,Maureen,E827,A488,4671863
2,4000,1978,3,22,Catriona,E858,A489,4818009
2,4000,1978,3,25,Mrs Smith,E865,A490,4862696
2,4013,1969,2,6,julie,E625,,3570957
2,4100,1978,2,21,susan,E619,A491,3555435
2,4501,1978,1,22,Lady,E614,,3536732
2,5000,1910,4,,louisa,E130,A492,628624
2,5000,1920,1,17,rachel,E559,,3238717
2,5000,1923,11,23,caiyue wu,E120,A493,588278
2,5000,1925,8,20,sarah-jane,E128,,616189
2,5000,1925,12,31,Molly,E555,,3218224
2,5000,1927,8,5,SANDRA,E108,A494,518674
2,5000,1927,11,20,valerie,E135,,654457
2,5000,1933,10,17,fiona,E111,,534634
2,5000,1937,2,12,liz,E114,A495,557726
2,5000,1937,2,13,patricia,E149,A496,727944
2,5000,1937,11,10,THANUJA,E124,A497,606851
2,5000,1939,7,4,catherine,E102,,496395
2,5000,1941,8,,Jill,E564,A498,3269435
2,5000,1941,12,29,Lady,E127,,615125
2,5000,1946,6,3,Louise,E141,A499,675638
2,5000,1951,8,9,audrey,E123,A500,603839
2,5000,1951,10,25,marilyn,E146,,686201
2,5000,1952,8,4,ANGELA,E567,A501,3284759
2,5000,1956,4,6,Mary,E562,A502,3255481
2,5000,1958,2,15,Meenakshi,E145,,681013
2,5000,1958,7,18,catherine,E565,A503,3271692
2,5000,1958,11,9,Georgia,E116,A504,561158
2,5000,1960,9,26,elizabeth,E142,A505,676435
2,5000,1962,1,20,sylvia,E561,A506,3248820
2,5000,1962,4,24,Danielle Whi,E112,A507,549771
2,5000,1967,3,26,Stevieleigh,E106,A508,506478
2,5000,1968,6,24,Wilhelmina,E133,,648402
2,5000,1969,2,14,gillian,E139,A509,672191
2,5000,1970,4,10,ann,E569,A510,3297338
2,5000,1971,9,16,brenda,E143,A511,676436
2,5000,1972,4,9,Jasmine,E134,,651915
2,5000,1972,9,5,Stephanie,E556,A512,3220785
2,5000,1972,9,24,ethna,E570,A513,3303120
2,5000,1974,2,13,Amanda,E985,,5583093
2,5000,1976,1,21,JOANNE,E109,A514,523424
2,5000,1976,5,4,Angelica,E558,,3232098
2,5408,1964,8,23,maralyn,E377,A515,2077080
2,6000,1941,3,,Mandy,E888,A516,5061472
2,6000,1946,11,21,melanie,E890,,5073086
2,6000,1967,11,26,margaret,E892,A517,5080132
2,6100,1920,2,21,gwendoline,E41,A518,188208
2,6100,1928,9,24,lynda,E45,A519,208209
2,6100,1931,12,23,ann,E47,A520,216820
2,6100,1937,8,1,ann,E43,A521,200059
2,6100,1944,12,4,janet,E54,,289042
2,9200,1964,10,10,margaret,E53,A522,278714
2,6100,1968,9,2,margaret,E49,A523,251538
2,6100,1968,10,23,steph,E56,,310456
2,6100,1973,2,25,margaret,E48,A524,244741
2,6100,1974,2,27,paula,E44,,205104
2,6100,1977,11,11,dawn,E55,A525,305533
2,6100,1978,3,27,may,E39,A526,186066
2,6100,1979,3,3,susan,E51,,271593
2,6200,1908,12,20,christine,E191,A527,945609
2,6200,1921,1,13,Natalie,E196,,968192
2,6200,1941,8,6,Joy,E202,A528,997837
2,6200,1945,8,20,dorothy,E188,A529,929229
2,6200,1950,1,22,Pam,E187,A530,921508
2,6200,1950,3,10,evelyn,E986,,5588312
2,6200,1957,8,21,mrs wakeling,E197,A531,976785
2,6200,1959,1,11,linda,E194,,955505
2,6200,1959,10,24,June,E189,A532,930634
2,6200,1965,7,22,mhairi,E192,,948213
2,6200,1965,9,21,gerda,E207,A533,1040725
2,6200,1969,6,19,jackie,E186,,920724
2,6200,1971,4,10,racheal,E199,,982485
2,6200,1979,8,3,Susie,E184,,916165
2,6300,1923,2,19,marian,E94,A534,452283
2,6300,1939,11,3,DOREEN,E87,,436897
2,6300,1950,1,31,OLIVE,E91,A535,450048
2,6300,1961,5,16,Jessica,E82,A536,429179
2,6400,1928,12,18,Camille,E456,,2568171
2,6400,1931,3,5,michelle,E445,A537,2512055
2,6400,1936,6,2,helen,E450,A538,2528239
2,6400,1946,5,9,natalie,E447,A539,2516856
2,6400,1947,4,18,Nancy,E459,,2582233
2,6400,1948,7,16,patricia,E446,A540,2516075
2,6400,1958,12,18,Georgina,E443,A541,2507152
2,6400,1964,11,14,melanie,E455,,2560907
2,6400,1973,1,12,puspa,E454,,2557217
2,6400,1973,8,7,Josephine,E451,A542,2532892
2,6400,1978,11,9,julie,E452,A543,2533728
2,6500,1905,3,,debbie,E903,A544,5115700
2,6500,1914,4,15,shirley,E908,A545,5152565
2,6500,1934,6,27,mrs staley,E915,A546,5175812
2,6500,1949,9,5,mary,E916,A547,5177974
2,6500,1960,9,3,Tina,E899,A548,5108840
2,6500,1961,8,6,jackie,E913,A549,5168029
2,6500,1971,4,9,kathleen,E904,A550,5117877
2,6500,1974,12,3,yasmin,E911,,5154870
2,6500,1979,12,8,Reenie,E918,A551,5183786
2,6600,1917,3,16,maggie,E150,A552,737000
2,6600,1925,12,29,joanne,E179,A553,902334
2,6600,1930,4,10,janet,E157,A554,768404
2,6600,1936,1,9,Jennifer,E170,,882241
2,6600,1937,7,9,gillian,E166,A555,830924
2,6600,1944,6,20,ann,E156,,764300
2,6600,1948,1,26,dianne,E154,,756124
2,6600,1948,9,,rita,E178,,898229
2,6600,1954,3,21,amy,E161,,798395
2,6600,1955,5,31,edith,E173,A556,887933
2,6600,1958,11,10,kirsty,E159,,791903
2,6600,1959,7,21,Sharon,E165,,828730
2,6600,1967,4,9,Jill,E180,A557,903358
2,6600,1969,9,29,Emma,E158,A558,772921
2,6600,1973,11,23,julie,E164,A559,823437
2,6600,1977,7,16,lisa,E172,A560,884795
2,6600,1977,9,9,june,E155,A561,760235
2,6600,1978,10,18,olwyn,E177,A562,895384
2,6600,1979,3,17,Melody,E174,A563,887935
2,6600,1979,8,30,gwyneth,E163,,814967
2,7400,1927,1,13,sheila,E636,A564,3640703
2,6700,1932,6,22,pauline,E979,A565,5558486
2,6700,1936,1,,Val,E638,,3655349
2,6700,1945,3,,alison,E639,A566,3657026
2,6700,1946,12,,lorraine,E637,A567,3649666
2,6700,1961,12,15,claire,E635,,3633026
2,6800,1958,6,27,KAY,E868,A568,4880276
2,6800,1969,10,12,shareen,E870,A569,4885908
2,6900,1946,6,2,Amy,E477,A570,2685421
2,6900,1950,6,27,joy,E480,A571,2697434
2,6900,1952,2,11,joan,E483,A572,2706929
2,6900,1953,2,2,melissa,E482,A573,2706216
2,7000,1930,2,,jennifer,E594,A574,3434597
2,7000,1950,1,24,susan,E580,A575,3373152
2,7000,1955,5,7,DIANE,E591,A576,3424480
2,7000,1957,6,,jeyamalar,E579,A577,3368413
2,7000,1959,5,19,alison searl,E597,A578,3444021
2,7000,1960,12,18,megan,E996,A579,5638066
2,7000,1977,2,17,Maria,E589,A580,3415060
2,7000,1978,11,4,Rosanna,E581,A581,3375438
2,7000,1979,12,21,faith,E588,,3412825
2,7100,1910,7,,Linda,E323,A582,1771384
2,7100,1933,8,,chantelle,E317,,1732974
2,7100,1950,4,,Angelina,E318,A583,1733752
2,7100,1963,11,,Jane,E327,A584,1791650
2,7100,1971,6,19,Nickie,E324,,1774488
2,7100,1972,6,,caroline,E322,A585,1770668
2,7100,1973,6,17,mary,E319,A586,1733753
2,7100,1974,2,3,helen,E320,,1749454
2,9000,1978,12,29,melanie,E328,A587,1794003
2,7200,1963,5,6,Irene,E208,A588,1043450
2,7300,1977,5,23,ann,E689,A589,3954414
2,7400,1918,5,15,shelley,E955,A590,5339009
2,7400,1926,8,23,norma,E927,A591,5210860
2,7400,1929,6,19,clair,E937,A592,5254402
2,7400,1934,8,12,susan,E949,A593,5304224
2,7400,1940,6,,helen,E944,A594,5285869
2,7400,1943,12,29,Joan,E951,,5321631
2,7400,1947,9,,Kerrie,E928,A595,5212366
2,7400,1952,1,15,elizabeth,E941,A596,5273673
2,7400,1959,1,7,christine,E950,A597,5307371
2,7400,1972,8,3,JAYNE,E947,,5294568
2,7400,1976,11,1,michelle,E931,,5226520
2,7500,1944,8,,LINDSEY,E663,A598,3777515
2,7500,1960,12,29,Laura,E666,A599,3786710
2,7600,1926,8,,Naomi,E767,A600,4400602
2,7700,1931,3,5,lesley,E669,A601,3818973
2,7700,1968,5,20,deborah,E672,A602,3832817
2,7700,1978,1,16,Dawn,E671,A603,3819769
2,7800,1978,8,7,mrs hope,E884,A604,5024042
2,7900,1916,9,30,Samatha,E16,A605,81788
2,7900,1919,10,7,margaret,E8,A606,52029
2,7900,1928,2,18,Tasleem,E3,A607,21922
2,7900,1933,8,,julie,E13,A608,65680
2,7900,1950,9,,sylvia,E5,,49900
2,7900,1951,10,15,cheryl king,E26,A609,129035
2,7900,1952,11,1,jean,E12,,64452
2,7900,1954,7,25,danielle,E31,A610,140099
2,7900,1955,10,31,Ruth,E7,A611,51324
2,7900,1959,7,11,moira,E19,A612,89402
2,7900,1960,11,18,Carol,E21,A613,100251
2,7900,1961,4,30,susan,E10,A614,56269
2,7900,1965,7,17,jessie,E22,A615,112837
2,7900,1969,8,23,marion,E18,A616,84856
2,7900,1974,4,17,janet,E28,A617,136091
2,7900,1974,11,5,lynne,E6,A618,49901
2,7900,1977,9,25,Joyce,E15,A619,74776
2,7900,1980,7,17,linda,E35,,162447
2,8000,1935,3,24,ELIZABETH,E629,,3593312
2,8000,1971,9,11,mandy,E632,A620,3602769
2,8200,1920,2,1,isable,E790,,4517451
2,8200,1958,2,23,jaklyn,E789,A621,4512904
2,8300,1909,11,6,anita,E255,A622,1343394
2,8300,1928,10,22,margaret,E261,,1364136
2,8300,1947,10,12,dorothy,E263,A623,1373712
2,8300,1948,11,19,Mrs Hogg,E231,A624,1224265
2,8300,1948,12,7,Kathryn,E265,A625,1379790
2,8300,1949,4,5,Maureen,E240,,1286459
2,8300,1952,8,27,jean,E266,A626,1384264
2,8300,1952,12,14,viv,E247,A627,1305474
2,8300,1953,1,19,paula,E237,A628,1276028
2,8300,1953,11,11,ann,E262,A629,1369035
2,8300,1955,11,2,margaret,E238,,1277552
2,8300,1958,6,6,morag,E264,A630,1379113
2,8300,1959,5,18,maisie,E250,A631,1326477
2,8300,1961,10,17,yvonne,E234,A632,1254213
2,8300,1966,4,23,judith,E241,A633,1288806
2,8300,1967,1,15,Eleanor,E258,A634,1355415
2,8300,1975,7,17,Maureen,E251,A635,1327229
2,8300,1976,4,21,NINA,E239,A636,1279218
2,8300,1977,7,8,Jo,E230,A637,1216734
2,8300,1980,4,10,irene,E256,A638,1346684
2,8400,1911,2,7,Sherley,E214,A639,1087968
2,8400,1917,8,8,charlotte,E218,A640,1152341
2,8400,1920,3,,Gillian,E217,A641,1146728
2,8400,1960,1,1,joy,E212,,1084290
2,8400,1974,8,11,rebecca,E213,,1084976
2,8400,1980,9,14,KATY,E987,,5589163
2,8500,1930,6,,ELIZABETH,E576,A642,3347166
2,8500,1948,9,24,Lynn,E573,A643,3331011
2,8500,1964,12,14,handan,E574,A644,3333471
2,8600,1903,2,1,Rina,E57,,321065
2,8600,1915,8,28,linda,E80,,425864
2,8600,1923,8,12,michele,E66,A645,358211
2,8600,1930,7,,Mrs Morgan,E76,A646,406211
2,8600,1932,1,8,SARAH,E61,,338783
2,8600,1934,5,,barbara,E62,,341890
2,8600,1936,5,1,cindy,E64,,348543
2,8600,1952,3,8,Sharon,E65,,355759
2,8600,1954,9,18,Betty,E77,A647,409202
2,8600,1967,3,8,maureen,E74,A648,401031
2,8600,1970,11,22,Megan,E99,A649,469089
2,8600,1972,6,19,sally,E78,,424209
2,8700,1952,7,21,julie,E466,A650,2639267
2,8700,1959,6,1,hilda,E469,,2646561
2,8700,1960,1,17,patricia,E463,,2618490
2,8700,1975,7,10,gemma,E468,,2645091
2,8800,1933,3,,Holly,E782,A651,4476275
2,8800,1952,1,14,jean,E778,A652,4457163
2,8800,1968,11,14,rosely,E779,A653,4463086
2,8800,1973,4,13,linda,E781,,4472513
2,9000,1910,6,10,tracy,E397,A654,2188269
2,9000,1910,8,,Jacqueline,E399,A655,2211723
2,9000,1911,12,9,Linda,E398,A656,2210393
2,9000,1927,3,31,donna,E402,A657,2219696
2,9000,1979,12,29,melanie,E994,A658,5617111
2,9000,1940,10,13,clare,E391,,2164144
2,9000,1946,2,,SANDRA,E394,A659,2177098
2,9000,1951,3,,sophie,E404,A660,2234678
2,9000,1951,6,19,joanne,E388,A661,2146350
2,9000,1952,10,8,jennifer,E396,A662,2182022
2,9000,1954,6,11,Zena,E407,A663,2261313
2,9000,1967,6,23,Jean,E392,,2166885
2,9000,1970,1,1,Mary,E403,,2232560
2,9000,1970,8,27,sue,E393,A664,2168954
2,9000,1972,8,,margaret,E435,A665,2431222
2,9000,1974,12,3,Jane,E410,,2288446
2,9000,1975,5,25,patricia,E406,A666,2245697
2,9000,1979,1,18,sarah,E389,A667,2157172
2,9100,1940,5,21,janet,E735,A668,4227294
2,9100,1944,1,14,Sybil,E734,,4223780
2,9100,1947,3,23,Karen,E731,,4213504
2,9100,1963,10,3,raegan,E736,A669,4230094
2,9100,1963,12,21,heather,E729,A670,4205817
2,9100,1971,4,19,rowena,E727,A671,4198840
2,9100,1977,5,12,kehlsey,E732,,4217577
2,9200,1962,9,10,margaret,E702,A672,4054204
2,9200,1963,11,,louise,E704,,4060590
2,9200,1970,5,6,Fran,E703,A673,4056172
2,9400,1969,3,28,Pat,E972,,5466135
2,9400,1970,3,15,louisa,E971,,5464598
2,9500,1976,11,30,Kathleen,E808,,4613634
2,9600,1924,2,24,kathleen,E801,,4564283
2,9600,1932,1,18,carolyn,E799,A674,4557284
2,9600,1937,2,8,sandra,E798,A675,4554248
2,9600,1947,12,5,joan kirkham,E795,A676,4545157
2,9600,1955,10,10,sarah,E794,,4544533
2,9600,1956,3,15,karen,E797,A677,4554246
2,9600,1974,1,15,pat,E796,,4552113
2,9700,1973,9,24,ZOWIE,E470,A678,2660319
2,9700,1976,11,13,pauline,E471,A679,2663595
2,9700,1980,5,12,jennifer,E473,A680,2670422
