SEX_B,locality_B,yearbirth_B,monthbirth_B,daybirth_B,Name_B,namepert_B,yearbirthpert_B,monthbirthpert_B,daybirthpert_B,sexpert_B,aident_B,bident_B,ID_B
1,7400,1975,7,6,alan,alan,75,7,6,1,A245,E925,5196460
1,7900,1975,9,30,JulianDickin,Julian,1076,9,30,1,A266,E20,97397
2,962,1900,6,,Naomi,Naomi,1900,6,,2,A377,E621,3563159
2,6500,1905,3,,debbie,debbie,1905,4,,2,A544,E903,5115700
1,3000,1905,3,,Mike,Mike,1905,3,,1,A95,E291,1576027
1,7800,1907,3,19,peter,deter,1907,3,19,1,A254,E885,5029982
2,6200,1908,12,20,christine,christine,1908,12,20,2,A527,E191,945609
1,8700,1908,5,,paul,paul,1908,5,,1,A301,E464,2619977
2,8300,1909,11,6,anita,anita,1909,11,6,2,A622,E255,1343394
1,188,1909,5,1,john,john,1909,5,1,1,A14,E627,3575957
1,466,1910,6,,dave,dave,1910,6,,,A21,E245,1300920
2,4000,1910,3,28,emma,emma,1910,3,28,2,A464,E844,4756558
2,9000,1910,8,,Jacqueline,Jacqueline,1910,8,,2,A655,E399,2211723
2,7100,1910,7,,Linda,Linda,1910,7,,2,A582,E323,1771384
2,5000,1910,4,,louisa,louisa,1910,4,,2,A492,E130,628624
2,9000,1910,6,10,tracy,tracy,1910,6,10,2,A654,E397,2188269
2,9000,1911,12,9,Linda,Linda,1911,12,9,2,A656,E398,2210393
2,8400,1911,2,7,Sherley,Sherley,1911,2,7,2,A639,E214,1087968
1,5000,1912,11,16,philip,philip,1912,11,16,1,A152,E131,630146
1,516,1913,11,,michael,micheal,1913,11,,1,A32,E761,4352030
2,604,1913,12,,Pamela,Pamela,1913,12,,2,A364,E599,3450203
1,6500,1914,5,24,andres,andrey,1914,5,24,1,A202,E920,5184547
2,195,1914,3,,ann,ann,1914,3,,2,A336,E438,2472367
1,4000,1914,10,16,craig,craig,1914,10,16,1,A134,E853,4792967
2,6500,1914,4,15,shirley,shirley,1914,4,15,,A545,E908,5152565
1,406,1915,8,1,peter,peter,1915,8,1,1,A19,E361,1997146
1,5000,1916,1,,nick,nicx,1916,1,,1,A153,E136,661753
2,7900,1916,9,30,Samatha,Samatha,1916,9,30,2,A605,E16,81788
2,8400,1917,8,8,charlotte,charlotte,1917,8,8,2,A640,E218,1152341
1,7000,1917,8,22,CRAIG,CRAIG,1917,8,22,1,A220,E593,3431221
2,6600,1917,3,16,maggie,maggie,1917,3,16,2,A552,E150,737000
2,7400,1918,5,15,shelley,shelley,1917,5,15,2,A590,E955,5339009
1,3000,1918,3,20,george,george,1918,3,20,1,A96,E293,1580147
2,7400,1927,1,13,sheila,sheila,1918,5,15,2,A564,E636,3640703
1,2720,1919,10,,andrew,andrew,1919,10,,1,A90,E496,2803127
2,4000,1919,7,10,linda,linda,1919,7,10,2,A465,E845,4758399
2,7900,1919,10,7,margaret,margaret,1919,10,7,2,A606,E8,52029
1,4000,1919,1,18,Mike,Mike,1919,1,18,1,A135,E836,4717947
2,262,1919,4,5,mrs brown,mrs brown,1919,5,5,2,A341,E628,3580552
1,6400,1919,10,19,tony,tony,1919,10,19,1,A199,E457,2570960
2,8400,1920,3,,Gillian,Gillian,1920,3,,2,A641,E217,1146728
2,6100,1920,2,21,gwendoline,gwendoline,1920,2,21,2,A518,E41,188208
1,7800,1920,11,14,ian,ian,1920,11,14,1,A255,E881,5016216
1,8900,1920,4,,martin,martin,1920,4,,1,A309,E785,4489668
2,3000,1920,2,,Melissa,Melissa,1920,2,,2,A427,E300,1612503
1,133,1920,5,28,mr staley,mr staley,1920,5,28,1,A11,E700,4047561
1,8600,1920,12,24,neil,neil,1920,12,23,1,A287,E69,368593
2,3000,1920,4,,Sharon Borg,Sharon Borg,1920,5,,2,A428,E267,1386660
1,3000,1921,9,,bryan,bryan,1921,9,,1,A97,E310,1658963
1,6900,1921,10,30,jermaine,jermaine,1921,10,30,1,A215,E478,2687076
2,4000,1921,10,22,JULIE,JULIE,1921,10,22,2,A466,E830,4677847
2,217,1921,3,22,laura,laura,1921,3,22,2,A338,E907,5136778
1,5000,1921,12,15,michael,mtchaB,1921,12,15,1,A154,E122,599493
1,4201,1921,9,,Ned,Ned,1921,9,,1,A150,E612,3521906
1,6100,1921,9,23,sirajul,cirajul,1921,9,23,1,A179,E52,274029
1,6300,1922,11,23,bob,bdb,1922,11,23,1,A193,E81,427482
2,5000,1923,11,23,caiyue wu,caiyue wu,1923,11,23,2,A493,E120,588278
1,3000,1923,5,19,John,John,1923,5,19,1,A98,E295,1582216
2,6300,1923,2,19,marian,marian,1923,2,19,2,A534,E94,452283
2,8600,1923,8,12,michele,michele,1923,8,12,2,A645,E66,358211
1,9500,1923,12,20,tommy,tommy,1923,12,20,1,A321,E807,4607904
1,6100,1924,12,20,ben,ben,1924,12,20,,A180,E42,191368
2,2610,1924,6,30,kay,kay,1924,6,30,2,A410,E977,5521009
1,7900,1924,3,23,kenneth,kenneth,1924,3,23,1,A257,E4,37761
1,3000,1925,7,3,bill,bill,1925,7,3,1,A99,E988,5591675
2,6600,1925,12,29,joanne,joanne,1925,12,29,2,A553,E179,902334
1,7400,1925,4,5,John,John,1925,4,5,1,A234,E954,5336813
1,9100,1925,5,,martin,martin,1925,5,,1,A317,E730,4207860
1,4000,1925,10,1,roy,roy,1925,10,1,1,A136,E829,4676324
2,4000,1926,1,28,catia,catia,1926,1,28,2,A468,E855,4805378
2,4000,1926,1,20,julia,julia,1926,1,20,2,A467,E848,4769280
2,7600,1926,8,,Naomi,Naomi,1926,8,,2,A600,E767,4400602
2,7400,1926,8,23,norma,norma,1926,8,23,2,A591,E927,5210860
1,712,1927,3,25,Adrian,Adrian,1927,3,25,1,A44,E741,4262839
1,4000,1927,6,8,bill,bill,1927,6,8,1,A137,E849,4780027
2,9000,1927,3,31,donna,donna,1927,3,31,2,A657,E402,2219696
2,5000,1927,8,5,SANDRA,SANDRA,1927,8,5,2,A494,E108,518674
1,3000,1928,10,,chris,chris,1928,10,,1,A100,E298,1607093
2,6100,1928,9,24,lynda,lynda,1928,9,24,2,A519,E45,208209
1,2630,1928,9,18,Richard,Richard,1928,9,18,1,A81,E368,2024527
2,7900,1928,2,18,Tasleem,Tasleem,1928,2,18,2,A607,E3,21922
1,7000,1929,10,17,anthony,anhtony,1929,10,17,1,A221,E595,3435372
2,2720,1929,9,,Catriona,Catriona,1929,9,,2,A423,E498,2811085
2,7400,1929,6,19,clair,clair,1929,6,19,2,A592,E937,5254402
1,2620,1929,12,,Dereck,Dereck,1929,12,,1,A80,E974,5495636
1,4000,1929,3,31,martin,martin,1929,3,31,1,A138,E837,4723985
2,9000,1979,12,29,melanie,melanie,1929,12,29,2,A658,E994,5617111
1,7400,1930,10,,David,David,1930,10,,1,A235,E953,5327764
2,8500,1930,6,,ELIZABETH,ELIZABETH,1930,6,,2,A642,E576,3347166
1,4000,1930,2,13,jack,jack,1930,2,13,1,A139,E826,4665858
2,6600,1930,4,10,janet,janet,1930,4,10,2,A554,E157,768404
2,7000,1930,2,,jennifer,jennifer,1930,2,,2,A574,E594,3434597
1,6900,1930,2,12,john,john,1930,2,12,1,A216,E481,2700893
2,8600,1930,7,,Mrs Morgan,Delia Morgan,1930,7,,2,A646,E76,406211
1,6400,1930,2,,Noel,Moel,1930,2,,1,A200,E453,2537332
2,1031,1930,12,21,TRACEY,TRACEY,1930,12,21,,A381,E356,1976855
2,6100,1931,12,23,ann,ann,1931,12,23,2,A520,E47,216820
2,4000,1930,8,6,karen,caren,1931,8,6,2,A469,E817,4638347
2,7700,1931,3,5,lesley,lesley,1931,3,5,2,A601,E669,3818973
2,6400,1931,3,5,michelle,michelle,1931,3,5,2,A537,E445,2512055
1,7400,1931,8,25,pritesh,pritesh,1931,8,25,1,A236,E952,5326014
2,3000,1931,7,,rachel,rachael,1931,7,,2,A429,E537,3064779
2,9600,1932,1,18,carolyn,carolyn,1932,1,18,2,A674,E799,4557284
2,2620,1932,8,14,michelle,michelle,1932,8,14,2,A413,E1,2807
2,8800,1933,3,,Holly,Holly,1933,3,,2,A651,E782,4476275
1,8600,1933,10,10,Jon,Jon,1933,10,10,1,A288,E73,381691
2,7900,1933,8,,julie,julie,1933,8,,2,A608,E13,65680
1,8600,1933,12,,luke,luke,1933,12,,1,A289,E60,337010
2,6700,1932,6,22,pauline,paline,1933,6,22,2,A565,E979,5558486
2,2100,1934,12,28,APRIL,APRIL,1934,12,28,2,A403,E875,4967607
1,9000,1934,6,6,john,john,1934,6,6,1,A310,E386,2140054
1,6100,1934,11,,martin,martin,1934,11,,1,A181,E38,179695
1,8700,1934,10,18,Michael,Michael,1934,10,18,1,A302,E460,2591733
2,6500,1934,6,27,mrs staley,mrs staley,1934,6,27,2,A546,E915,5175812
2,3000,1934,11,14,sohan,sohan,1934,11,14,2,A430,E277,1473107
2,7400,1934,8,12,susan,susan,1934,8,12,2,A593,E949,5304224
2,4000,1935,12,23,heather,heather,1935,12,23,2,A470,E828,4674744
1,3570,1935,12,,ian,ian,1935,12,,1,A126,E501,2825797
2,3000,1935,7,22,kathleen,kathleen,1935,7,22,,A431,E521,2979964
1,3000,1935,11,,laurence,laurence,1935,11,,1,A101,E278,1482348
1,8600,1936,5,,david,david,1936,5,,1,A290,E100,474168
2,6400,1936,6,2,helen,helen,1936,6,2,2,A538,E450,2528239
2,3000,1936,3,,Rebecca,Rebella,1936,3,,2,A432,E276,1463207
2,4000,1936,7,3,sheila,sheila,1936,7,3,2,A471,E857,4816637
2,2620,1937,12,26,amie,amie,1937,12,26,2,A414,E973,5481478
2,6100,1937,8,1,ann,ann,1937,8,1,2,A521,E43,200059
1,8500,1937,11,15,barry,barry,1937,11,15,1,A283,E585,3399633
1,8000,1937,7,11,David,David,1937,7,11,1,A271,E631,3599059
1,3000,1937,1,10,DONALD,DONALD,1937,1,10,1,A102,E991,5608132
1,2800,1937,7,14,DONALD[DON],DONALD[DON],1937,7,14,1,A93,E609,3515479
2,6600,1937,7,9,gillian,gillian,1937,7,9,2,A555,E166,830924
2,4000,1937,5,15,Jeanette,Jeanette,1937,5,15,2,A472,E864,4852244
2,5000,1937,2,12,liz,liz,1937,2,12,2,A495,E114,557726
2,874,1937,6,28,miss,miss,1937,6,28,2,A374,E693,3999474
1,7400,1937,1,15,Neil,Neil,1937,2,15,,A237,E930,5217975
2,5000,1937,2,13,patricia,pat,1937,2,13,2,A496,E149,727944
1,5000,1937,6,,Philip,Philip,1937,6,,1,A155,E563,3262699
2,9600,1937,2,8,sandra,sandra,1937,2,8,2,A675,E798,4554248
2,5000,1937,11,10,THANUJA,THANUJA,1937,11,10,2,A497,E124,606851
1,821,1938,3,,haydn,hardn,1938,3,,1,A46,E370,2044199
1,7100,1938,1,23,john,john,1938,1,23,1,A225,E330,1801563
2,532,1938,9,5,sandra,sandra,1938,9,5,2,A356,E654,3732365
1,6200,1938,1,7,scott,scott,1938,1,7,1,A182,E181,913417
2,634,1939,11,,Doreen,Doreen,1939,11,,2,A366,E963,5417983
1,6600,1939,6,28,jamie,jamie,1939,6,28,1,A208,E151,738437
1,9000,1939,9,7,rob,rab,1939,9,7,1,A311,E405,2237125
1,7400,1940,6,,darren,darren,1940,6,,1,A238,E936,5244584
2,7400,1940,6,,HELEN,HELBV,1940,6,,2,A594,E944,5285869
1,666,1940,3,5,Ian,Ian,1940,3,5,1,A41,E409,2279603
2,9100,1940,5,21,janet,janet,1940,5,21,2,A668,E735,4227294
2,3570,1941,1,25,claire,claire,1941,1,25,2,A459,E502,2827535
2,50,1941,9,28,jacqueline,jacky,1941,9,28,2,A331,E886,5048848
2,5000,1941,8,,Jill,Jill,1941,8,,2,A498,E564,3269435
1,9100,1941,12,23,Joe,Joe,1941,12,23,1,A318,E733,4221022
1,4000,1941,6,22,john,john,1941,6,22,1,A140,E824,4654372
2,6200,1941,8,6,Joy,Mrs Joy,1941,8,6,2,A528,E202,997837
2,4000,1941,6,8,lori,lori,1941,6,8,2,A473,E834,4697597
2,6000,1941,3,,Mandy,Mandy,1941,3,,2,A516,E888,5061472
1,7400,1941,9,26,Roger,Roegr,1941,9,26,1,A239,E929,5213144
1,3000,1942,9,21,Andrew,Andrew,1942,9,21,1,A103,E281,1501968
1,4000,1942,4,4,Daniel,Daniel,1942,4,4,1,A141,E811,4622667
1,6900,1942,2,10,douglas,douglaj,1942,2,10,1,A217,E486,2723592
1,7400,1942,4,24,Frank,Frank,1942,4,24,1,A240,E924,5194009
1,7900,1942,12,,grayham,grayham,1942,12,,1,A258,E33,148505
1,8200,1942,2,13,Gus,Gus,1942,2,13,1,A273,E792,4533400
2,3000,1942,3,3,Mrs Harrison,Mrs Harrison,1942,3,3,2,A433,E302,1613750
1,510,1943,3,,alexander,alexander,1943,3,,1,A31,E651,3723949
1,8700,1943,5,24,Andrew,Andrain,1943,5,24,1,A303,E462,2610193
1,6500,1943,9,19,Barrie,Bqrrie,1943,9,19,1,A204,E917,5177975
1,7900,1943,12,7,bob,bob,1943,12,7,,A259,E14,74772
1,7100,1943,12,,harry,harry,1943,12,,1,A226,E329,1797480
1,5000,1943,7,23,James,James,1943,7,23,1,A156,E119,587758
1,8700,1943,6,29,keith,keith,1943,6,29,1,A304,E467,2645089
1,1292,1943,10,,nicholas,nicholas,1943,10,,1,A68,E746,4286159
1,6900,1943,8,,sagid,sagia,1943,8,,1,A218,E485,2713933
1,6500,1943,7,,stephen,stephen,1943,7,,1,A203,E914,5175180
1,247,1944,5,23,brian,brian,1944,5,23,1,A16,E444,2510817
2,1286,1944,1,,joan,joan,1944,1,,2,A401,E413,2293640
2,7500,1944,8,,LINDSEY,LINDA,1944,8,,2,A598,E663,3777515
1,6200,1944,8,15,marc edwards,marc edwards,1944,8,15,1,A183,E195,956736
2,3574,1944,3,30,Marian Pelle,Marian Pelle,1944,3,30,2,A460,E510,2893299
2,2600,1944,10,2,Marie,Marie,1944,10,2,2,A407,E430,2412570
1,7400,1944,2,22,patrick,patrick,1944,2,22,1,A242,E945,5289637
1,7400,1944,2,9,phil,phil,1944,2,9,1,A241,E948,5302778
1,3730,1944,2,27,ricky,ricky,1944,2,27,1,A131,E552,3201616
1,7300,1944,6,23,steve,steve,1944,6,23,1,A231,E687,3951206
1,8600,1944,10,11,TERENCE,TERRENCE,1944,10,11,1,A291,E58,332498
2,6700,1945,3,,alison,alison,1945,3,,2,A566,E639,3657026
1,3000,1945,7,1,BRYN,BRYN,1945,7,1,1,A104,E296,1592090
2,6200,1945,8,20,dorothy,dorothy,1945,8,20,2,A529,E188,929229
1,2200,1945,1,31,MARTIN,MARTIN,1945,1,31,1,A73,E425,2374831
1,3000,1945,8,28,paul,paul,1945,8,28,1,A105,E530,3031128
2,235,1945,3,1,sarah,sarah,1945,3,1,2,A339,E982,5567469
1,4000,1946,11,20,adam,aoam,1946,11,20,1,A142,E862,4849013
2,6900,1946,6,2,Amy,Amy,1946,6,2,2,A570,E477,2685421
1,8800,1946,9,12,anthony,anthony,1946,9,12,1,A306,E777,4457162
2,4000,1945,7,29,beryl,beryll,1946,7,29,2,A474,E847,4763792
1,3000,1946,1,12,CHRIS,CHRIS,1946,1,12,1,A106,E274,1462223
2,6700,1946,12,,lorraine,lorraine,1946,12,,2,A567,E637,3649666
2,5000,1946,6,3,Louise,Louise,1946,6,3,2,A499,E141,675638
2,6400,1946,5,9,natalie,nataly,1946,5,9,2,A539,E447,2516856
2,9000,1946,2,,SANDRA,SANDRA,1946,2,,2,A659,E394,2177098
1,6000,1946,8,,simon,sinon,1946,8,,1,A177,E889,5070086
1,8600,1947,2,17,ben,ben,1947,2,17,1,A292,E984,5579900
1,3000,1947,11,6,brian,brian,1947,11,6,1,A107,E536,3056916
2,4000,1947,2,21,Diane,Diane,1947,2,21,2,A475,E835,4712413
2,8300,1947,10,12,dorothy,dorothy,1947,10,12,2,A623,E263,1373712
2,9600,1947,12,5,joan kirkham,joan kirkham,1947,12,5,2,A676,E795,4545157
1,1263,1947,1,13,John,John,1947,1,13,1,A67,E739,4258923
2,7400,1947,9,,Kerrie,Kerrie,1947,9,,2,A595,E928,5212366
1,8600,1947,12,26,Richard,Richard,1947,12,26,1,A293,E79,425233
2,2300,1947,2,12,susan,susan,1947,2,12,2,A405,E710,4095122
2,1224,1948,3,13,denise,denise,1948,3,13,2,A393,E487,2751711
2,8300,1948,12,7,Kathryn,Kathryn,1948,12,7,2,A625,E265,1379790
1,1031,1948,5,7,Leon,Leon,1948,5,6,1,A54,E355,1971334
2,8500,1948,9,24,Lynn,Lynn,1948,9,24,2,A643,E573,3331011
2,8300,1948,11,19,Mrs Hogg,Mrs Hogg,1948,11,19,2,A624,E231,1224265
2,6400,1948,7,16,patricia,patricia,1948,7,16,2,A540,E446,2516075
1,7900,1948,4,2,peter,peter,1948,4,2,1,A260,E32,140924
1,6200,1948,6,20,roger,roger,1948,6,20,1,A184,E203,1005989
1,7400,1949,7,6,Alan,Alan,1949,7,6,1,A69,E624,3566797
2,70,1949,8,1,amie,amie,1949,8,1,2,A332,E335,1835700
1,7100,1949,11,16,james,james,1949,11,16,1,A227,E316,1720182
1,7300,1949,2,16,Jamie,Jamie,1949,2,16,1,A232,E692,3983367
2,6500,1949,9,5,mary,mary,1949,9,5,2,A547,E916,5177974
1,70,1949,9,6,MATTHEW,MATTMEN,1949,9,6,1,A2,E332,1818785
1,5000,1949,3,8,mr hristo,mr hristo,1949,5,8,1,A157,E110,524123
2,3000,1949,12,11,MRs AnniLing,MRs AnniLing,1949,12,11,2,A434,E306,1638234
1,8600,1949,4,2,ray,ray,1949,4,2,1,A294,E97,466763
1,8300,1949,2,10,TED,TED,1949,2,10,1,A275,E248,1320362
1,379,1950,11,19,adam,adan,1950,11,19,1,A18,E442,2494455
2,4000,1951,2,5,alec,alec,1950,2,5,2,A476,E814,4632010
2,7100,1950,4,,Angelina,Angelina,1950,4,,2,A583,E318,1733752
1,9600,1950,8,9,DAVID,DAWD,1950,8,9,,A324,E802,4569413
1,8600,1950,8,24,jon,jon,1950,8,24,1,A295,E71,371273
2,6900,1950,6,27,joy,joy,1950,6,27,2,A571,E480,2697434
2,3000,1950,10,10,JULIE,JULIE JANE,1950,10,10,2,A435,E992,5609697
2,6300,1950,1,31,OLIVE,OLIVE,1950,1,31,,A535,E91,450048
2,6200,1950,1,22,Pam,Pam,1950,1,22,2,A530,E187,921508
2,1139,1950,3,27,ray,ray,1950,3,27,2,A386,E773,4433253
1,4000,1950,8,15,roger,roger,1950,8,15,1,A143,E863,4851617
1,502,1950,1,1,SAM,JAM,1950,1,1,1,A29,E751,4308627
2,7000,1950,1,24,susan,susan,1950,1,24,2,A575,E580,3373152
2,496,1950,9,14,tracey,tracey,1950,9,14,2,A349,E743,4270388
1,8200,1951,11,20,alan,alan,1951,11,20,1,A274,E788,4510615
1,850,1930,6,,alex,alex,1951,2,5,1,A47,E921,5186896
2,5000,1951,8,9,audrey,audrey,1951,8,9,2,A500,E123,603839
2,7900,1951,10,15,cheryl king,cherylking,1951,10,15,2,A609,E26,129035
1,9700,1951,1,30,christopher,christopher,1951,1,30,1,A327,E474,2675225
2,3000,1951,7,12,joan,joan,1951,7,12,2,A436,E297,1605809
2,9000,1951,6,19,joanne,joanne,1951,6,19,2,A661,E388,2146350
1,5000,1951,2,11,jonathan,jowthan,1951,2,11,1,A158,E113,551166
1,962,1951,2,21,lenny,lemy,1951,2,21,1,A51,E620,3561906
2,9000,1951,3,,sophie,sophie,1951,3,,2,A660,E404,2234678
1,3000,1953,7,3,Alfred,Alfred,1952,7,3,1,A108,E309,1657740
2,5000,1952,8,4,ANGELA,ANGELA,1952,8,4,2,A501,E567,3284759
1,5000,1952,9,11,antony,anthony,1952,9,11,1,A160,E572,3308015
1,9100,1952,7,15,Betty,Betty,1952,7,15,1,A319,E728,4201980
1,4000,1952,7,4,brian,brian,1952,7,4,1,A144,E831,4686458
1,2010,1952,9,18,clive,clive,1952,9,18,1,A71,E586,3402975
2,7400,1952,1,15,elizabeth,beth,1952,1,15,2,A596,E941,5273673
2,8300,1952,8,27,jean,jean,1952,8,27,2,A626,E266,1384264
2,8800,1952,1,14,jean,jean,1952,1,14,2,A652,E778,4457163
2,9000,1952,10,8,jennifer,jennifer,1952,10,8,,A662,E396,2182022
2,6900,1952,2,11,joan,joan,1952,2,11,2,A572,E483,2706929
1,313,1952,7,24,JOE,JOE,1952,7,24,1,A17,E809,4619117
1,5000,1952,3,27,John Pratt,John Pratt,1952,3,27,1,A159,E104,501843
2,8700,1952,7,21,julie,julie,1952,7,21,2,A650,E466,2639267
2,3576,1952,1,5,katherine,katherine,1952,1,5,2,A461,E509,2890872
2,494,1952,6,25,Michelle,Michelle,1952,6,25,2,A347,E874,4959405
2,4000,1952,8,7,sally,sally,1952,8,7,2,A477,E812,4622668
1,8300,1952,4,14,TON,TON,1952,4,14,1,A276,E236,1269527
2,3000,1952,11,11,violet,violet,1952,11,11,2,A437,E522,2988059
2,8300,1952,12,14,viv,w,1952,12,14,2,A627,E247,1305474
1,3000,1953,11,6,Albert,Albert,1953,11,6,1,A110,E533,3043260
1,2630,1959,3,19,allan,allan,1953,7,3,1,A82,E367,2018292
2,8300,1953,11,11,ann,ann,1953,11,11,2,A629,E262,1369035
1,1061,1953,6,7,Darius,Darius,1953,6,7,1,A59,E681,3903777
1,3000,1953,7,15,denis,denis,1953,7,15,1,A109,E539,3087768
1,2600,1953,6,,Ian,Ian,1953,7,,1,A77,E434,2421647
1,2610,1953,1,18,John,Jon,1953,1,18,1,A79,E1000,5642666
1,1072,1953,1,26,Kevin,Kev,1953,1,26,1,A62,E226,1202162
2,1139,1953,1,6,lucy,lucy,1953,1,6,2,A387,E771,4428398
2,6900,1953,2,2,melissa,melissa,1953,2,2,2,A573,E482,2706216
2,2710,1953,11,16,nicola,nicola,1953,11,16,2,A421,E722,4157278
2,8300,1953,1,19,paula,paula,1953,1,19,2,A628,E237,1276028
1,6300,1953,8,20,Salvatore,Salvatore,1953,8,20,1,A194,E88,441826
2,4000,1953,12,27,SAndra,SAndra,1953,12,27,2,A478,E825,4659828
1,874,1953,5,23,tony,tony,1953,5,23,1,A49,E697,4017730
1,8600,1953,9,28,William,William,1953,9,28,1,A296,E63,342413
1,962,1954,4,16,Akbar,Akbar,1954,4,16,1,A52,E622,3564518
2,8600,1954,9,18,Betty,Betty,1954,9,18,2,A647,E77,409202
2,7900,1954,7,25,danielle,danielle,1954,7,25,2,A610,E31,140099
1,3650,1954,2,20,dave,dave,1954,2,20,1,A129,E511,2898474
2,1249,1954,10,10,Sheila,Sheila,1954,10,10,2,A396,E721,4143455
2,9000,1954,6,11,Zena,Zenah,1954,6,11,2,A663,E407,2261313
2,962,1955,10,19,ANNA,ANNA,1955,10,19,2,A378,E623,3564519
2,1034,1955,10,1,Beckie,Beckie,1955,10,1,2,A383,E353,1962979
2,7000,1955,5,7,DIANE,DIANE,1955,5,7,2,A576,E591,3424480
2,502,1955,2,10,dianne,dianne,1955,2,10,2,A351,E753,4309749
2,6600,1955,5,31,edith,edie,1955,5,31,2,A556,E173,887933
2,1161,1955,4,25,freda,freda,1955,4,25,2,A389,E382,2111409
1,1034,1955,9,13,jeff,jeff,1955,9,13,1,A55,E352,1952129
2,7900,1955,10,31,Ruth,Ruth,1955,10,30,2,A611,E7,51324
1,7800,1955,3,17,stuart,stuart,1955,3,17,1,A256,E882,5019156
2,44,1955,2,7,tina,tina,1955,2,7,2,A330,E358,1988891
2,4000,1956,9,6,ALICE,ALICE,1956,7,6,2,A480,E816,4636152
2,1235,1956,6,10,Anjila,Anjila,1956,6,10,2,A394,E776,4456087
1,492,1956,9,10,Anthony Parr,Anthony Parr,1956,9,10,1,A26,E661,3766339
1,4000,1956,1,10,Faisal,Faz,1956,1,10,1,A145,E813,4626423
2,3000,1956,11,22,gaynor,gaynor,1956,11,22,2,A439,E534,3043261
1,2050,1956,6,3,James,James,1956,6,3,1,A72,E381,2108520
2,9600,1956,3,15,karen,karen,1956,3,15,2,A677,E797,4554246
2,3000,1956,3,31,lynda,lynda,1956,3,31,2,A438,E288,1568447
1,3770,1956,4,28,martyn,martyn,1956,4,28,1,A133,E999,5640623
2,5000,1956,4,6,Mary,Mary,1956,4,6,2,A502,E562,3255481
2,4000,1956,3,14,MAUREEN,MAUREEN,1956,3,14,2,A479,E832,4686459
1,166,1956,1,6,michael R,michael R,1956,1,6,1,A13,E349,1938270
1,502,1956,4,1,peter,peter,1956,4,1,1,A30,E752,4309748
2,520,1957,10,28,philomena,philmoena,1956,10,28,2,A354,E659,3756383
1,531,1956,5,19,SAJEEVAN,SASEENN,1956,5,19,1,A34,E667,3790127
1,8600,1956,2,28,SARFRAZ r,SARFRAZr,1956,2,28,1,A297,E68,365717
2,504,1956,3,24,teresa,teresa,1956,3,24,2,A352,E786,4504380
1,7400,1957,1,18,craig,craig,1957,1,18,1,A243,E932,5228226
2,7000,1957,6,,jeyamalar,jeyamalar,1957,6,,2,A577,E579,3368413
1,3000,1957,1,21,mike,michael,1957,1,21,1,A111,E294,1581056
2,6200,1957,8,21,mrs wakeling,mrs wakeling,1957,8,21,2,A531,E197,976785
2,3000,1957,3,3,pauline,pauline,1957,3,3,2,A440,E541,3119955
1,6600,1957,11,5,Peter,Peter,1957,11,5,1,A209,E160,794716
2,4000,1958,4,10,angela,angela,1958,8,10,2,A481,E851,4785715
2,5000,1958,7,18,catherine,catherine,1958,7,18,2,A503,E565,3271692
2,593,1958,1,3,elsie,elsie,1958,1,3,2,A363,E227,1205240
1,31,1958,12,3,geoff,geoff,1958,12,3,1,A1,E373,2051588
2,5000,1958,11,9,Georgia,Georgia,1958,11,9,2,A504,E116,561158
2,6400,1958,12,18,Georgina,Georgina,1958,12,18,2,A541,E443,2507152
2,8200,1958,2,23,jaklyn,jaklyn,1958,2,23,2,A621,E789,4512904
2,538,1958,7,20,jayne,jayne,1958,7,20,2,A360,E762,4362503
2,6800,1958,6,27,KAY,KAY,1958,6,27,2,A568,E868,4880276
1,9000,1958,12,29,mark,mark,1958,12,29,1,A312,E412,2291769
2,2660,1958,10,6,Martha,Martha,1958,10,6,2,A419,E219,1162213
2,8300,1958,6,6,morag,morag,1958,6,6,2,A630,E264,1379113
2,481,1958,9,5,Pam,Pammie,1958,9,5,2,A344,E646,3689975
2,70,1958,7,10,pauline,pauline,1958,7,10,2,A333,E334,1833156
1,2720,1959,6,2,alex,alex,1959,6,2,1,A91,E497,2804123
2,7000,1959,5,19,alison searl,alison searl,1959,5,19,2,A578,E597,3444021
2,3000,1959,6,27,annabel,annabel,1959,6,27,2,A441,E305,1636738
2,4000,1959,11,4,carol,carol,1959,11,4,2,A482,E856,4809012
2,7400,1959,1,7,christine,chrissie,1959,1,7,2,A597,E950,5307371
1,6300,1959,3,8,david,david,1959,3,8,1,A195,E84,431028
2,741,1959,4,12,hazel,hazel,1959,4,12,2,A371,E604,3479703
2,6200,1959,10,24,June,June,1959,10,24,2,A532,E189,930634
1,481,1959,9,15,Keith,Keith,1959,8,13,1,A23,E645,3688702
1,8500,1959,11,23,KENNETH,KENNENI,1959,11,23,1,A284,E584,3395196
1,8300,1959,3,,Kimahia,Ximahia,1959,3,,1,A277,E235,1260039
2,535,1959,12,31,LYNDSEY,MRS LYNDSEY,1959,12,31,2,A358,E745,4275837
2,8300,1959,5,18,maisie,maisie,1959,5,18,2,A631,E250,1326477
1,3000,1959,12,15,mark,mark,1959,12,15,1,A112,E532,3037291
2,7900,1959,7,11,moira,mara,1959,7,11,2,A612,E19,89402
2,856,1959,7,9,PAULINE,PAULINE,1959,7,9,2,A373,E587,3404521
1,5000,1959,5,5,richard,richard,1959,5,5,1,A161,E129,621508
1,3720,1959,12,7,roy,roy,1959,12,7,1,A130,E504,2857524
2,3000,1960,5,28,ann,ann,1960,5,28,2,A442,E542,3140058
2,1271,1960,3,27,Ann Crocker,Ann Crocker,1960,3,27,2,A398,E387,2144556
2,7900,1960,11,18,Carol,Carol,1960,11,18,2,A613,E21,100251
1,1139,1960,12,19,COLIN,COLIN,1960,12,19,1,A63,E770,4426868
2,1061,1960,2,17,elizabeth,elizabeth,1960,2,17,2,A385,E682,3906340
2,5000,1960,9,26,elizabeth,elizabeth,1960,9,26,2,A505,E142,676435
2,4000,1960,1,8,hannah,hannah,1960,1,9,2,A483,E810,4622077
2,7500,1960,12,29,Laura,Laura,1960,12,29,2,A599,E666,3786710
2,31,1960,4,25,Lisa,Lisa,1960,4,25,,A329,E372,2049586
1,944,1960,2,7,mark,mark,1960,2,7,1,A50,E718,4122146
2,7000,1960,12,18,megan,megan,1960,12,18,2,A579,E996,5638066
1,7100,1960,10,17,qurram,qurram,1960,10,17,1,A228,E326,1785172
2,6500,1960,9,3,Tina,Tina,1960,9,3,2,A548,E899,5108840
2,1273,1961,1,5,Alli,Alli,1961,1,5,2,A399,E603,3473663
2,2600,1961,7,30,Allison,Allison,1961,7,30,2,A408,E427,2402955
2,3000,1961,8,30,Gillian,Gillian,1961,8,30,2,A443,E516,2945606
2,6500,1961,8,6,jackie,jackie,1961,8,6,2,A549,E913,5168029
2,6300,1961,5,16,Jessica,Jessica,1961,4,16,2,A536,E82,429179
1,70,1961,9,19,micaell,micaelu,1961,9,19,1,A3,E342,1894191
1,70,1961,12,3,Neil,Meil,1961,12,3,1,A4,E341,1887808
1,6900,1961,1,16,PAUL,PAUL,1961,1,16,1,A219,E479,2690330
2,7900,1961,4,30,susan,susan,1961,4,30,2,A614,E10,56269
2,8300,1961,10,17,yvonne,yvonne,1961,10,17,2,A632,E234,1254213
1,1034,1962,4,10,Craig,Craig,1962,4,10,1,A56,E354,1965596
2,5000,1962,4,24,Danielle Whi,Danielle Whi,1962,4,24,2,A507,E112,549771
1,6500,1962,4,3,david,david,1962,4,3,1,A205,E902,5114900
1,5000,1962,1,22,Graham,Graham,1962,1,22,1,A163,E132,636193
1,6600,1962,12,21,JAMES,JAMES,1962,12,21,1,A210,E162,800280
1,7900,1962,5,13,james,james,1962,5,13,,A261,E34,150917
1,5000,1962,9,4,john,john,1962,9,4,1,A165,E126,614400
1,3570,1962,12,18,Keith,Keith,1962,12,18,1,A127,E503,2828315
2,9200,1962,9,10,margaret,margaret,1962,10,10,2,A672,E702,4054204
1,5000,1962,1,18,peter,peter,1962,1,18,1,A162,E571,3305263
1,5000,1962,3,20,pilvander,pilwider,1962,3,20,1,A164,E107,511303
1,8600,1962,1,5,richard,richard,1962,1,5,1,A298,E72,376849
2,5000,1962,1,20,sylvia,sylvia,1962,1,20,2,A506,E561,3248820
1,4201,1962,9,,Thomas,Thomas,1962,9,,1,A151,E611,3519737
1,2640,1963,3,26,adrian,adrian,1963,3,1,1,A86,E962,5407949
2,2600,1963,4,18,alison,alison,1963,4,18,2,A409,E428,2410144
1,3000,1963,9,25,BRIJ,BRIJ,1963,9,25,1,A113,E547,3172516
2,1192,1963,6,11,Hazel,Hazel,1963,6,11,2,A392,E421,2338372
2,9100,1963,12,21,heather,heather,1963,12,21,2,A670,E729,4205817
2,7200,1963,5,6,Irene,Trene,1963,5,6,2,A588,E208,1043450
2,7100,1963,11,,Jane,Jane,1963,11,,2,A584,E327,1791650
1,6600,1963,4,28,karl,karl,1963,4,28,1,A211,E153,754752
2,3000,1963,12,7,Margaret,Margaret,1963,12,7,2,A444,E271,1441895
1,627,1963,1,1,matthew crad,matthew crad,1963,1,1,1,A38,E967,5426634
2,9100,1963,10,3,raegan,raegan,1963,10,3,2,A669,E736,4230094
2,70,1963,6,4,shirley,shilrey,1963,6,4,2,A334,E344,1904512
1,9500,1963,1,4,stephen,stephen,1963,1,4,1,A322,E805,4591823
1,6200,1963,12,24,tom,toni,1963,12,24,1,A185,E200,985301
1,4000,1964,11,23,affife,afffe,1964,11,23,1,A146,E867,4874088
2,734,1964,8,26,Ann,Anne,1964,8,26,2,A370,E923,5189420
1,8400,1964,1,29,DANIEL,DAMEL,1964,1,29,1,A281,E215,1092057
2,8500,1964,12,14,handan,handan,1964,12,14,2,A644,E574,3333471
1,5000,1964,2,28,john,john,1964,2,28,1,A166,E117,566607
1,70,1964,11,28,Kornell,Kornell,1964,11,28,1,A5,E331,1816773
2,5408,1964,8,23,maralyn,maralyn,1964,8,23,2,A515,E377,2077080
2,9200,1964,10,10,margaret,margaret,1964,10,6,2,A522,E53,278714
1,9500,1964,10,19,michael,michael,1964,10,19,1,A323,E806,4598619
2,2610,1964,9,1,pauline,pauline,1964,9,1,2,A411,E978,5528545
2,2560,1964,5,21,sylvia,sylvie,1964,5,21,2,A406,E416,2317880
1,6000,1964,11,27,ted,ted,1964,11,27,1,A178,E891,5074230
2,3730,1965,11,11,carly,carly,1965,11,11,2,A463,E995,5635348
1,1246,1965,7,20,david,david,1965,7,20,1,A66,E750,4295586
2,6200,1965,9,21,gerda,gerda,1965,9,21,2,A533,E207,1040725
1,8300,1965,10,1,Greg,Greg,1965,10,1,1,A278,E254,1342618
1,5000,1965,5,4,Ian,Tan,1965,5,4,1,A167,E557,3231089
2,3000,1965,4,28,jackie,jacxie,1965,4,28,2,A445,E303,1618486
2,7900,1965,7,17,jessie,jessie,1965,7,17,2,A615,E22,112837
1,664,1964,10,4,leonard,len,1965,10,4,1,A40,E634,3618470
1,532,1965,3,20,michael,michael,1965,3,20,1,A35,E653,3730055
1,762,1965,6,6,pete,pete,1965,6,6,1,A45,E375,2067530
1,2650,1975,3,2,Raymond,Ryamond,1965,3,2,1,A87,E957,5361198
1,6200,1965,5,21,richard,richard,1965,5,21,1,A186,E201,987562
1,6300,1965,8,1,richard,Rick,1965,8,1,1,A196,E90,445300
2,874,1965,4,28,roxanne,roxanne,1965,4,28,2,A375,E694,4006004
2,696,1965,3,23,SUZANNE,SUZANNE,1965,3,23,2,A369,E246,1302514
2,494,1966,7,8,barbara,barbara,1966,7,8,2,A348,E873,4958404
1,3000,1966,11,21,Bill,Bill,1966,11,21,1,A116,E545,3166876
1,3000,1966,5,6,colin,colin,1966,5,6,1,A114,E529,3024242
1,3000,1966,10,21,john,john,1966,10,21,1,A115,E287,1564949
1,453,1966,8,12,joshua,joshua,1966,8,12,,A20,E618,3543765
2,8300,1966,4,23,judith,judy,1966,3,23,2,A633,E241,1288806
2,4000,1966,3,1,liz edwards,liz edwards,1966,3,1,2,A484,E852,4789750
1,3616,1966,6,28,mark,mark,1966,6,28,1,A128,E508,2879602
2,272,1966,11,25,mary,mary,1966,11,25,2,A342,E709,4089683
1,6400,1966,9,17,Robert,Robert,1966,9,17,1,A201,E458,2571593
1,478,1966,12,25,Ryan,Ryan,1966,12,25,1,A22,E678,3883200
1,2660,1966,8,14,shaun,shaun,1966,8,14,1,A89,E223,1177904
1,9600,1976,7,15,adam,adam,1967,7,14,1,A244,E934,5241682
1,2800,1967,6,7,bahudar,bahudar,1967,6,7,1,A94,E607,3501690
2,1247,1967,4,26,beryl,beryl,1967,4,26,2,A395,E887,5052273
2,481,1967,8,8,clare,clare,1967,7,8,2,A345,E647,3693377
2,8300,1967,1,15,Eleanor,Beanor,1967,1,15,,A634,E258,1355415
1,5000,1967,9,3,Geoffrey,Geoffrey,1967,9,3,1,A168,E148,718617
2,634,1967,5,1,izzy,izzy,1967,5,1,2,A367,E964,5419429
2,6600,1967,4,9,Jill,Jill louise,1967,4,9,2,A557,E180,903358
2,998,1967,10,28,Louise,Louise,1967,10,28,2,A379,E720,4140135
2,6000,1967,11,26,margaret,margaret,1967,11,26,2,A517,E892,5080132
2,8600,1967,3,8,maureen,maureen,1967,3,8,2,A648,E74,401031
2,4000,1967,11,18,Mrs Rodgers,Viv Rodgers,1967,11,18,2,A485,E833,4697051
2,3000,1967,4,16,serena,serena,1967,4,16,2,A446,E514,2941252
2,3650,1967,12,29,sheila,sheila,1967,12,29,2,A462,E512,2901783
1,9700,1967,2,1,simon,simon,1967,2,1,1,A328,E472,2669622
2,5000,1967,3,26,Stevieleigh,Stevieleigh,1967,3,26,2,A508,E106,506478
1,4000,1967,8,20,timothy,timothy,1967,8,20,1,A147,E841,4744851
1,7500,1968,11,29,alec,alec,1968,11,29,1,A248,E664,3777516
2,2710,1968,6,27,caroline,caroline,1968,6,27,2,A422,E723,4160451
1,7900,1968,2,21,David,David,1968,2,21,1,A262,E24,122683
2,7700,1968,5,20,deborah,deborah,1968,5,20,2,A602,E672,3832817
2,206,1968,2,26,JOYCE,JOYEE,1968,2,26,2,A337,E475,2676993
2,6100,1968,9,2,margaret,margaret,1968,9,2,2,A523,E49,251538
2,4000,1968,9,19,mei,mei,1968,9,19,2,A486,E840,4741745
1,8700,1968,1,14,michael,michael,1968,1,14,1,A305,E465,2633166
1,7000,1968,2,16,nigel,nigel,1968,2,16,1,A222,E592,3428691
1,7600,1968,8,18,philip,philip,1968,8,18,1,A250,E765,4395740
2,8800,1968,11,14,rosely,rosely,1968,11,14,2,A653,E779,4463086
2,2630,1968,4,29,shirley,shirley,1968,4,29,2,A415,E365,2014013
1,8300,1969,12,28,alan,alan,1969,12,28,1,A279,E259,1356069
1,6200,1969,6,13,Brian,Brian,1969,6,13,1,A187,E190,944311
2,6600,1969,9,29,Emma,Emma,1969,9,29,2,A558,E158,772921
1,8000,1969,1,12,Eugene,Eugeen,1969,1,12,1,A272,E630,3596913
1,6200,1969,9,25,Florian,Elorian,1969,9,25,1,A188,E206,1031693
2,5000,1969,2,14,gillian,gillian may,1969,2,14,2,A509,E139,672191
1,4000,1969,11,26,james lawton,james,1969,10,26,1,A148,E815,4634177
2,522,1969,7,30,jennifer,jennifer,1969,7,30,2,A355,E643,3684820
1,8400,1969,11,26,luke,luke,1969,11,26,1,A282,E216,1113745
2,3000,1969,1,6,Marie,Marie,1969,1,6,2,A447,E280,1498127
2,7900,1969,8,23,marion,mariai,1969,8,23,2,A616,E18,84856
1,7900,1969,1,10,Peter,Peter,1969,1,10,1,A263,E25,123235
1,2300,1969,6,9,rafaquat,rafaquat,1969,6,9,1,A74,E713,4100103
2,6800,1969,10,12,shareen,shareen,1969,10,12,2,A569,E870,4885908
1,492,1969,6,26,William,WiWam,1969,6,26,1,A27,E660,3764142
1,5000,1970,4,22,andrew,andrew,1970,4,22,1,A170,E566,3275755
2,5000,1970,4,10,ann,ann,1970,4,10,2,A510,E569,3297338
1,2630,1970,11,4,chris,chris,1970,11,4,1,A83,E369,2038794
1,9000,1970,6,29,Fin,Ein,1970,6,29,1,A313,E411,2288447
2,9200,1970,5,6,Fran,Fran,1970,5,6,2,A673,E703,4056172
1,70,1970,7,23,JOE,SOF,1970,7,23,1,A6,E339,1878042
1,3730,1970,10,13,john,john,1970,10,13,1,A132,E553,3201617
2,532,1970,4,3,josephine,josephine,1970,4,3,2,A357,E655,3732366
2,516,1971,2,27,Katherine,Cathy,1970,2,27,2,A353,E759,4349624
1,9000,1970,7,5,keith,keith,1970,7,5,1,A314,E400,2218938
2,3000,1969,12,26,Lauren,Laurie,1970,12,26,2,A448,E528,3022872
1,5000,1970,1,8,Martin,Martin,1970,1,8,1,A169,E137,668831
2,8600,1970,11,22,Megan,Megan,1970,11,22,2,A649,E99,469089
1,8600,1970,8,25,mr fisher,mrfisher,1970,8,25,1,A299,E67,359995
2,1031,1970,12,23,muriel,muriel,1970,12,23,2,A382,E357,1977540
1,7100,1970,10,7,Nick,Nick,1970,10,7,1,A229,E321,1758810
1,6700,1970,1,6,raymond,raymond,1970,1,6,1,A214,E640,3657027
1,3000,1970,3,5,Stephen,Stephen,1970,3,5,1,A117,E523,2990792
2,9000,1970,8,27,sue,sue,1970,8,27,2,A664,E393,2168954
1,8800,1970,7,26,tony,tony,1970,7,26,1,A307,E783,4476277
2,5000,1971,9,16,brenda,brenda,1971,9,16,2,A511,E143,676436
1,494,1971,9,16,DAVID,MR DAVID,1971,9,16,1,A28,E872,4953392
2,1139,1971,3,3,debbie,debbie,1971,3,3,2,A388,E769,4425299
2,240,1971,1,19,dorothy,dorothy,1971,1,19,2,A340,E716,4109314
2,2630,1971,3,11,ganette,ganette,1971,3,11,2,A416,E363,2002658
1,6200,1971,11,28,greg,greg,1971,11,28,1,A190,E182,915406
1,8300,1971,8,11,John,John,1971,8,11,1,A280,E243,1294496
2,6500,1971,4,9,kathleen,kathleen,1971,4,9,2,A550,E904,5117877
2,8000,1971,9,11,mandy,mandy,1971,9,11,2,A620,E632,3602769
2,3000,1971,11,14,MARIE,MARIF,1971,11,14,2,A449,E524,2990793
2,565,1971,2,8,Mrs Holloway,Mrs Holloway,1971,2,8,2,A361,E168,860084
1,8600,1971,8,18,raymond,raymond,1971,8,18,1,A300,E59,332500
2,9100,1971,4,19,rowena,rowena,1971,4,18,2,A671,E727,4198840
1,7900,1972,1,3,Andy,Andy,1972,1,3,1,A264,E27,132069
2,7100,1972,6,,caroline,caroline,1972,6,,2,A585,E322,1770668
2,3000,1972,5,17,daphne,daphne,1972,5,17,2,A450,E519,2965008
2,5000,1972,9,24,ethna,ethna,1972,9,24,2,A513,E570,3303120
1,6200,1972,3,20,GEOFFREY,CiEOFFREY,1972,3,20,1,A191,E198,981842
1,5000,1972,9,7,graham,gram,1972,9,7,1,A171,E125,607681
2,492,1972,10,3,jo,jo,1972,10,3,2,A346,E662,3768394
1,70,1972,7,1,john,sohn,1972,7,1,1,A7,E338,1867627
1,6300,1974,2,11,Julien,Julian,1972,2,11,1,A197,E92,450049
2,3000,1972,5,20,lorenzina,lorenzina,1972,5,20,2,A451,E314,1675201
2,9000,1972,8,,margaret,margaret,1972,8,,2,A665,E435,2431222
1,8500,1972,5,7,michael,michael,1972,5,7,1,A285,E575,3336345
1,871,1972,4,6,norman,norman,1972,4,6,1,A48,E969,5433407
1,3000,1972,8,15,Paul,Paul,1972,8,15,1,A119,E549,3182087
1,1161,1972,7,23,rakesh,rakesh,1972,7,23,1,A64,E383,2123853
1,6200,1970,1,26,Richard,Dick,1972,1,26,1,A189,E183,916161
1,3000,1972,6,7,Robert,Robert,1972,6,7,1,A118,E275,1462225
1,481,1972,12,8,ryan,ryan,1972,12,8,1,A24,E644,3687489
2,5000,1972,9,5,Stephanie,Stephanie,1972,9,5,2,A512,E556,3220785
1,9000,1973,5,22,Ahmet,Alimet,1973,5,22,1,A315,E401,2218942
1,5000,1973,7,21,anthony,anthony,1973,7,21,1,A172,E105,504628
1,5000,1973,9,22,geoff,geoff,1973,9,22,1,A173,E103,501271
1,6500,1973,7,31,hamid,hamid,1973,7,31,1,A206,E912,5155592
1,7600,1973,5,30,John,John,1973,5,30,1,A251,E764,4390131
2,6400,1973,8,7,Josephine,Josephine,1973,8,7,2,A542,E451,2532892
2,2730,1975,11,10,joyce,joy,1973,11,10,2,A424,E491,2785503
2,6600,1973,11,23,julie,julie,1973,11,23,2,A559,E164,823437
2,853,1973,4,27,kathleen,kathleen,1973,4,27,2,A372,E220,1164143
2,4000,1974,5,29,kirsty,kirsty,1973,5,29,2,A359,E756,4341124
2,104,1973,5,29,laura,laura,1973,5,29,2,A335,E679,3890655
2,6100,1973,2,25,margaret,margaret,1973,2,25,2,A524,E48,244741
2,7100,1973,6,17,mary,mary,1973,6,17,2,A586,E319,1733753
1,595,1973,11,17,matthew,matthew,1973,11,17,1,A37,E737,4241244
2,1273,1963,12,21,nicola,nickie,1973,12,21,2,A400,E600,3467097
2,1167,1973,9,13,Stephanie,Stephanie,1973,9,13,2,A390,E905,5134633
1,9400,1973,12,15,stephen,stephen,1973,12,15,1,A320,E970,5459810
1,1063,1973,10,12,toby,toby,1973,10,12,1,A61,E738,4244630
1,7600,1973,10,7,tom,tom,1973,10,7,1,A252,E763,4382220
2,9700,1973,9,24,ZOWIE,ZOWIE,1973,9,24,2,A678,E470,2660319
1,634,1974,4,8,Anthony 1,Anthony 1,1974,4,8,1,A39,E966,5424607
2,3000,1974,10,10,Francis,Frances,1974,10,10,2,A453,E544,3165100
1,2630,1974,7,31,Ian,Ian,1974,7,31,1,A84,E364,2007030
2,7900,1974,4,17,janet,janet,1974,4,17,2,A617,E28,136091
2,7900,1977,9,25,Joyce,Joyce,1974,11,10,2,A619,E15,74776
2,4000,1968,10,6,kirsten,kirsten,1974,5,29,2,A487,E823,4650329
2,7900,1974,11,5,lynne,lynne,1974,11,5,2,A618,E6,49901
1,1061,1974,6,9,nader,nader,1974,6,9,1,A60,E683,3908138
1,1165,1974,7,31,ronnie,ronnie,1974,7,31,1,A65,E601,3469245
2,944,1974,10,7,VICKY,VICKY,1974,10,7,2,A376,E717,4121045
1,7400,1975,8,17,Barry,Barry,1975,8,17,1,A246,E933,5234086
1,3000,1975,10,14,duncan,duncan,1975,10,14,1,A120,E535,3043262
2,2800,1975,2,21,Elizabeth,Elizabeth,1975,2,21,2,A425,E613,3532672
2,998,1975,6,16,francesca,francesca,1975,6,16,2,A380,E719,4138897
1,516,1975,5,9,fred,freo,1975,5,9,1,A33,E760,4349626
2,2800,1975,9,7,heather,heather,1975,9,7,2,A426,E610,3515481
1,5000,1975,5,25,ian,ian,1975,5,25,1,A175,E147,713720
2,478,1975,3,13,jo,jo,1975,3,13,2,A343,E677,3878804
1,2600,1975,9,15,LUKE,LUKas,1975,9,15,1,A78,E433,2417476
1,7900,1975,7,18,Mark,Mark,1975,7,18,1,A265,E30,136825
2,4000,1975,6,25,Maureen,Maireen,1975,6,25,2,A488,E827,4671863
2,8300,1975,7,17,Maureen,Maureen,1975,7,17,2,A635,E251,1327229
1,7300,1975,10,22,mr atkinson,mr atkinson,1975,10,22,1,A233,E691,3955557
2,9000,1975,5,25,patricia,patricia,1975,5,25,2,A666,E406,2245697
1,9600,1975,11,14,Patrick,Patrick,1975,11,14,1,A326,E800,4563139
1,5000,1975,3,24,Paul,Paul,1975,3,24,1,A174,E121,591898
1,1015,1975,1,13,TREVOR,TREVOR,1975,1,13,1,A53,E605,3485280
2,2100,1975,6,12,vivian,wwan,1975,6,12,2,A404,E878,4980142
1,3000,1976,1,4,alan,alan,1976,1,4,1,A121,E299,1609883
2,496,1976,3,11,annette,annette,1976,3,11,2,A350,E744,4270391
1,7000,1976,4,20,brian,brian,1976,4,20,1,A223,E590,3421965
1,1295,1976,5,12,BRIAN MOSS,BRIAN MOSS,1976,5,12,1,A70,E755,4333750
1,2560,1976,1,30,cameron,cameron,1976,1,30,1,A75,E415,2314144
1,99,1976,6,14,daniel,daniel,1976,6,14,1,A10,E422,2359327
1,134,1976,2,24,Darren,Darren,1976,2,24,1,A12,E701,4049253
1,8800,1976,8,7,edmund,edmund,1976,8,7,1,A308,E784,4479242
1,70,1976,7,16,eric,eric,1976,7,16,1,A8,E345,1905463
1,7400,1976,4,26,gary,gary,1976,4,26,1,A247,E942,5273675
1,3000,1976,3,6,james,james,1976,3,6,1,A122,E285,1553310
2,5000,1976,1,21,JOANNE,JOANNE,1976,1,21,2,A514,E109,523424
1,7500,1976,3,15,mick,mick,1976,3,15,1,A249,E665,3783268
1,1059,1976,2,14,MR COOMBES,MR COOMBES,1976,2,14,1,A58,E420,2337187
2,2650,1976,6,22,Naomi,Naomi,1976,6,22,,A417,E958,5363930
2,8300,1976,4,21,NINA,NINA,1976,4,21,2,A636,E239,1279218
2,9700,1976,11,13,pauline,pauline,1976,11,13,2,A679,E471,2663595
1,2630,1976,2,7,thomas,Tom,1976,2,7,1,A85,E366,2017679
2,3000,1976,6,1,Veronica,Veronica,1976,6,1,2,A454,E268,1398819
2,7300,1977,5,23,ann,ann,1977,5,23,2,A589,E689,3954414
2,6100,1977,11,11,dawn,dawn,1977,10,11,,A525,E55,305533
2,8300,1977,7,8,Jo,Jo,1977,7,8,2,A637,E230,1216734
2,6600,1977,9,9,june,june,1977,9,9,2,A561,E155,760235
2,6600,1977,7,16,lisa,lisa,1977,7,16,2,A560,E172,884795
2,7000,1977,2,17,Maria,Maria,1977,2,17,2,A580,E589,3415060
1,2730,1977,8,29,peter,peter,1977,7,29,1,A92,E494,2790883
1,3000,1977,12,13,phillip,phillip,1977,12,13,1,A123,E272,1448467
1,9000,1977,1,29,steven,steven,1977,1,29,1,A316,E385,2139504
1,7200,1977,4,4,thomas,thomas,1977,4,4,1,A230,E209,1053374
1,3000,1978,11,19,ADE,ADE,1978,11,19,1,A124,E312,1664782
2,1167,1978,2,11,bakshinda,bakshinda,1978,12,11,2,A391,E906,5134634
1,547,1977,12,4,bob,bobbie,1978,12,4,1,A36,E705,4073072
2,4000,1978,3,22,Catriona,Catriona,1978,3,22,2,A489,E858,4818009
2,7700,1978,1,16,Dawn,Oawn,1978,1,16,2,A603,E671,3819769
1,6500,1978,5,29,Ernest,Ernst,1978,5,29,1,A207,E919,5184546
1,7900,1978,12,5,gary,gary,1978,12,5,1,A268,E9,54096
2,6400,1978,11,9,julie,julie,1978,11,9,2,A543,E452,2533728
1,6600,1978,8,2,keith,ar keith,1978,8,2,1,A212,E175,892523
1,1034,1978,10,7,LEE,L May,1978,10,7,1,A57,E351,1951090
1,7900,1978,12,2,Lewyis,Lewyis,1978,12,2,1,A267,E36,165504
2,587,1979,4,25,maria,maria,1978,4,25,2,A362,E2,17369
1,5000,1978,3,20,Mark,Mark,1978,3,20,1,A176,E118,578691
2,6100,1978,3,27,may,may,1978,3,27,2,A526,E39,186066
1,7900,1978,12,17,mr watts,mr watts,1978,12,17,1,A269,E17,84298
2,7800,1978,8,7,mrs hope,Jen hope,1978,8,7,2,A604,E884,5024042
2,4000,1978,3,25,Mrs Smith,Mrs Smith,1978,3,25,2,A490,E865,4862696
2,6600,1978,10,18,olwyn,olwyn,1978,10,18,2,A562,E177,895384
1,7000,1978,12,8,paul,paul,1978,12,8,1,A224,E596,3441273
2,3000,1978,10,9,pauline,paula,1978,10,9,2,A455,E550,3188178
1,686,1978,4,3,RICHARD,RICHARO,1978,4,3,1,A43,E488,2761397
1,197,1978,7,24,Ron,Ron Brown,1978,7,24,1,A15,E940,5268299
1,7600,1978,10,6,ronald,ronald,1978,10,6,1,A253,E981,5560919
2,7000,1978,11,4,Rosanna,Ros,1978,11,4,2,A581,E581,3375438
1,70,1978,11,10,ross,rdss,1978,11,10,,A9,E340,1882068
2,4100,1978,2,21,susan,susan,1978,2,21,2,A491,E619,3555435
1,4000,1978,2,7,Vince,Vince,1978,2,7,1,A149,E821,4648362
2,613,1979,9,17,Anna William,Anna William,1979,9,17,2,A365,E698,4022944
1,681,1979,12,11,brent,brent,1979,12,11,1,A42,E50,261061
1,3000,1979,10,16,chris,chris,1979,10,16,1,A125,E520,2971811
2,1292,1979,2,19,francesca,francejca,1979,2,19,2,A402,E747,4288424
2,3000,1979,8,23,irene,irene,1979,8,23,2,A457,E517,2963367
2,2650,1979,8,11,leanne,leame,1979,8,11,2,A418,E983,5569379
1,482,1979,7,13,Leonard,Mr Leonard,1979,7,13,1,A25,E668,3802677
2,587,1973,1,7,margret,margret,1979,4,25,2,A452,E279,1485633
2,9000,1978,12,29,melanie,melody,1979,12,29,2,A587,E328,1794003
2,6600,1979,3,17,Melody,Melody,1979,3,17,2,A563,E174,887935
1,6200,1979,4,2,paul,paul,1979,4,2,1,A192,E204,1008786
1,2650,1979,5,24,philip,philip,1979,4,24,1,A88,E956,5359778
2,6500,1979,12,8,Reenie,Reenie,1979,12,8,2,A551,E918,5183786
2,9000,1979,1,18,sarah,sarah,1979,1,18,2,A667,E389,2157172
2,3000,1979,3,27,sonia,sonia,1979,3,27,,A456,E531,3031132
2,1034,1979,1,27,Sue,Sue,1979,2,27,2,A384,E993,5613609
1,6600,1979,6,7,Terry,Terry,1979,6,7,1,A213,E176,893103
2,639,1979,12,18,tina,tina,1979,12,18,,A368,E898,5100255
1,8500,1979,6,21,william,willam,1979,6,21,1,A286,E582,3387603
2,3000,1980,6,19,AMELIA,AMELIA,1980,6,19,2,A458,E284,1549788
2,2610,1980,4,1,ann,ann,1980,4,1,2,A412,E976,5517933
1,6300,1980,1,18,anthony,anthony,1980,1,18,1,A198,E96,456273
2,8300,1980,4,10,irene,irene,1980,4,10,2,A638,E256,1346684
2,9700,1980,5,12,jennifer,jemifer,1980,5,12,2,A680,E473,2670422
2,1268,1980,4,19,Julia,Julia,1980,4,19,2,A397,E408,2272980
1,7900,1980,8,27,Kenneth,Kenneth,1980,8,27,1,A270,E11,56272
1,2560,1980,4,4,martyn,martyn,1980,4,4,1,A76,E414,2312416
2,2660,1980,7,8,wendy,wendy,1980,7,8,2,A420,E221,1171560
1,9600,1967,7,15,Adam,Adam,,7,15,1,A325,E803,4570082
